No;ID Postingan BBC;Teks Postingan (Caption BBC);text;Username;Tanggal Komentar
1;1886790273172460000;"Di sisi lain, dosen-dosen ASN harus berjuang untuk mendapatkan hak tunjangan kinerja mereka yang tidak dianggarkan oleh pemerintah karena Kementerian Pendidikan dipecah jadi tiga.
https://t.co/5acHxVfMOE";mantap nih om;04JoFiKa;Tue Feb 04 15:41:43 +0000 2025
2;1891461241392000000;"Apa saja tuntutan mahasiswa dalam aksi #IndonesiaGelap?

Baca artikelnya:
https://t.co/TLw6JJ3nym";bodoh aja, mata gk melek, klo mau demo tuh ke dpr hal uup aset baru mewakili rakyat;RMihroji;Fri Feb 21 09:22:53 +0000 2025
3;1891461241392000000;"Apa saja tuntutan mahasiswa dalam aksi #IndonesiaGelap?

Baca artikelnya:
https://t.co/TLw6JJ3nym";semoga sehat terus biar bisa demo terus sampai 4 tahun, tahu2 lulus kok;_Bedun;Thu Feb 20 17:10:58 +0000 2025
4;1891461241392000000;"Apa saja tuntutan mahasiswa dalam aksi #IndonesiaGelap?

Baca artikelnya:
https://t.co/TLw6JJ3nym";comment2 nya betul dan riil sih;_Bedun;Thu Feb 20 17:09:39 +0000 2025
5;1891461241392000000;"Apa saja tuntutan mahasiswa dalam aksi #IndonesiaGelap?

Baca artikelnya:
https://t.co/TLw6JJ3nym";mahisiswa sudah berbisnis;_Bedun;Thu Feb 20 17:08:14 +0000 2025
6;1891461241392000000;"Apa saja tuntutan mahasiswa dalam aksi #IndonesiaGelap?

Baca artikelnya:
https://t.co/TLw6JJ3nym";oposisi bermain, minta bagian kekuasaan dan duit;_Bedun;Thu Feb 20 17:05:06 +0000 2025
7;1891461241392000000;"Apa saja tuntutan mahasiswa dalam aksi #IndonesiaGelap?

Baca artikelnya:
https://t.co/TLw6JJ3nym";ada tuntutan yg aneh, titipan dr partai itu ya. yg sekaligus mjd donatur;_Bedun;Thu Feb 20 17:04:16 +0000 2025
8;1891461241392000000;"Apa saja tuntutan mahasiswa dalam aksi #IndonesiaGelap?

Baca artikelnya:
https://t.co/TLw6JJ3nym";telek telek.;1onto;Wed Feb 19 22:41:05 +0000 2025
9;1891461241392000000;"Apa saja tuntutan mahasiswa dalam aksi #IndonesiaGelap?

Baca artikelnya:
https://t.co/TLw6JJ3nym";ayo cari kerja. jangan demo terus;henriguners;Wed Feb 19 10:17:11 +0000 2025
10;1891461241392000000;"Apa saja tuntutan mahasiswa dalam aksi #IndonesiaGelap?

Baca artikelnya:
https://t.co/TLw6JJ3nym";prabowo tidak takut kalian bro wkwkwk;Haikalotakudang;Wed Feb 19 10:02:42 +0000 2025
11;1891461241392000000;"Apa saja tuntutan mahasiswa dalam aksi #IndonesiaGelap?

Baca artikelnya:
https://t.co/TLw6JJ3nym";kenapa nggak bapaknya di suruh maju aja jadi presiden.masak di mata dia nggak ada presiden yg bener.mahasiswa model apaan yg kaya gini.semua presiden dia demo.nggak ada satupun presiden yg bener.padahal malah otak dia yg cingkrang. wabah buat bangsa.;yohaness6411;Wed Feb 19 07:28:45 +0000 2025
12;1891461241392000000;"Apa saja tuntutan mahasiswa dalam aksi #IndonesiaGelap?

Baca artikelnya:
https://t.co/TLw6JJ3nym";mereka males baca dan cari2 informasi padahal salah satu tuntutan mahasiswa yaitu meminta presiden untuk mengeluarkan perpu perampasan aset sebagai pengganti uu;frans_natadi;Wed Feb 19 03:21:24 +0000 2025
13;1891461241392000000;"Apa saja tuntutan mahasiswa dalam aksi #IndonesiaGelap?

Baca artikelnya:
https://t.co/TLw6JJ3nym";"udah kok denger. cuman katanya ""ndasmu""";YSAMYSAW;Wed Feb 19 01:40:22 +0000 2025
14;1891461241392000000;"Apa saja tuntutan mahasiswa dalam aksi #IndonesiaGelap?

Baca artikelnya:
https://t.co/TLw6JJ3nym";mahasiswa scandal hot;IdBejok;Wed Feb 19 09:52:02 +0000 2025
15;1891461241392000000;"Apa saja tuntutan mahasiswa dalam aksi #IndonesiaGelap?

Baca artikelnya:
https://t.co/TLw6JJ3nym";“yang mereka claim makin memburuk” baleg weh nyieun caption berita teh gblg, menurut sia efisiensi anggaran tapi menyiksa kamu menengah ke bawah, eta lain keadaan yg buruk? cageur?;riestyfznn;Mon Feb 17 15:18:56 +0000 2025
16;1891451756363600000;Apa makna #IndonesiaGelap? https://t.co/TLw6JJ3nym;sementara itu di lapak sebelah (fb) komennya seperti ini, miris banget;chocochipsfloat;Mon Feb 17 11:44:31 +0000 2025
17;1891461241392000000;"Apa saja tuntutan mahasiswa dalam aksi #IndonesiaGelap?

Baca artikelnya:
https://t.co/TLw6JJ3nym";gas keun;AleenaDi09;Tue Feb 18 02:49:26 +0000 2025
18;1891451756363600000;Apa makna #IndonesiaGelap? https://t.co/TLw6JJ3nym;solidaritas bersama tetangga;faliqfahmie;Mon Feb 17 11:59:11 +0000 2025
19;1891461241392000000;"Apa saja tuntutan mahasiswa dalam aksi #IndonesiaGelap?

Baca artikelnya:
https://t.co/TLw6JJ3nym";komentar sdm rendah ya gitu,tau negara dlm kegelapan malah nolol2 in mahasiswa.tetep semangat adik2 mahasiswa semoga dlm lindungan allah,;sisi_kika;Mon Feb 17 22:41:47 +0000 2025
20;1891461241392000000;"Apa saja tuntutan mahasiswa dalam aksi #IndonesiaGelap?

Baca artikelnya:
https://t.co/TLw6JJ3nym";ingkar janji;fairusmann;Mon Feb 17 23:50:27 +0000 2025
21;1891461241392000000;"Apa saja tuntutan mahasiswa dalam aksi #IndonesiaGelap?

Baca artikelnya:
https://t.co/TLw6JJ3nym";8 dan 7, duanya sama enggak benar, duanya berteman dengan iblis, , jadi teringat lagunya yang devil beside you. ayo kita kudeta! indonesia harus bisa mengalahkan kejahatan! indonesia harus bisa menang untuk kebenaran! ayo kita berdoa!;hasna_budi_l;Mon Feb 17 13:47:58 +0000 2025
22;1891461241392000000;"Apa saja tuntutan mahasiswa dalam aksi #IndonesiaGelap?

Baca artikelnya:
https://t.co/TLw6JJ3nym";teruskan “adili jokowi”, agar bisa dia dibela, kakau tidak tuduhan occrp tidak bisa dihapus.?;djokos;Tue Feb 18 03:52:20 +0000 2025
23;1891461241392000000;"Apa saja tuntutan mahasiswa dalam aksi #IndonesiaGelap?

Baca artikelnya:
https://t.co/TLw6JJ3nym";tetap semangat untuk indonesia;RidwanRidw79075;Mon Feb 17 12:25:32 +0000 2025
24;1891461241392000000;"Apa saja tuntutan mahasiswa dalam aksi #IndonesiaGelap?

Baca artikelnya:
https://t.co/TLw6JJ3nym";akankah kejadian 1998 terulang ?;urloveeeee_i;Tue Feb 18 02:00:32 +0000 2025
25;1891461241392000000;"Apa saja tuntutan mahasiswa dalam aksi #IndonesiaGelap?

Baca artikelnya:
https://t.co/TLw6JJ3nym";tumbangkan rezim culas;cekresi5689;Mon Feb 17 13:31:58 +0000 2025
26;1891461241392000000;"Apa saja tuntutan mahasiswa dalam aksi #IndonesiaGelap?

Baca artikelnya:
https://t.co/TLw6JJ3nym";yaa rabb nangis saya liat ini;pitskyyyy;Tue Feb 18 03:29:16 +0000 2025
27;1891461241392000000;"Apa saja tuntutan mahasiswa dalam aksi #IndonesiaGelap?

Baca artikelnya:
https://t.co/TLw6JJ3nym";makan gratis tp pendidikan melambung awokwokwok. bangsamu;AkuOggie;Tue Feb 18 02:57:37 +0000 2025
28;1891461241392000000;"Apa saja tuntutan mahasiswa dalam aksi #IndonesiaGelap?

Baca artikelnya:
https://t.co/TLw6JJ3nym";panjang umur perjuangan;jannahseeker99;Mon Feb 17 22:22:17 +0000 2025
29;1891451756363600000;Apa makna #IndonesiaGelap? https://t.co/TLw6JJ3nym;terima kasih adiku mahasiswai;sewamobildepok;Mon Feb 17 11:52:22 +0000 2025
30;1886790273172460000;"Di sisi lain, dosen-dosen ASN harus berjuang untuk mendapatkan hak tunjangan kinerja mereka yang tidak dianggarkan oleh pemerintah karena Kementerian Pendidikan dipecah jadi tiga.
https://t.co/5acHxVfMOE";ini pers releasenya;AIADigibuy;Mon Feb 17 11:33:23 +0000 2025
31;1891451756363600000;Apa makna #IndonesiaGelap? https://t.co/TLw6JJ3nym;sebelom kaya bangladesh;Gdebug;Mon Feb 17 11:42:47 +0000 2025
32;1891461241392000000;"Apa saja tuntutan mahasiswa dalam aksi #IndonesiaGelap?

Baca artikelnya:
https://t.co/TLw6JJ3nym";bikinlah;harimauchampo;Tue Feb 18 09:39:02 +0000 2025
33;1891461241392000000;"Apa saja tuntutan mahasiswa dalam aksi #IndonesiaGelap?

Baca artikelnya:
https://t.co/TLw6JJ3nym";percuma ngaku bbc news tapi gak nyiarin live, cupu lu.;madukecil;Mon Feb 17 13:21:33 +0000 2025
34;1891451756363600000;Apa makna #IndonesiaGelap? https://t.co/TLw6JJ3nym;ayooo rakyat pada turun lah bgsat, ramein, semua elemen yg ada di gedung2 tinggi jakarta suruh turun dulu sampe menang lawan rezim bodoh;Jin_KohXi;Mon Feb 17 12:06:09 +0000 2025
35;1891461241392000000;"Apa saja tuntutan mahasiswa dalam aksi #IndonesiaGelap?

Baca artikelnya:
https://t.co/TLw6JJ3nym";temen seangkatan gua dikampus masih belum sadar, masih tolol percaya sama prabowo;Mynd_Maori;Tue Feb 18 00:26:53 +0000 2025
36;1891461241392000000;"Apa saja tuntutan mahasiswa dalam aksi #IndonesiaGelap?

Baca artikelnya:
https://t.co/TLw6JJ3nym";tangkap.adili jokowi.;Ganda_waras;Mon Feb 17 20:48:13 +0000 2025
37;1891461241392000000;"Apa saja tuntutan mahasiswa dalam aksi #IndonesiaGelap?

Baca artikelnya:
https://t.co/TLw6JJ3nym";aksi yg besar gini kok tv2 ga semasiv disiarin beritanya masa sih kalah sama berita pengacara yg ribut dipengadilan? aneh jg fenomena ini;farid15sofyan;Mon Feb 17 15:12:26 +0000 2025
38;1891461241392000000;"Apa saja tuntutan mahasiswa dalam aksi #IndonesiaGelap?

Baca artikelnya:
https://t.co/TLw6JJ3nym";itulah budaya indonesia sebenarnya;oppenheimher;Mon Feb 17 14:12:15 +0000 2025
39;1891461241392000000;"Apa saja tuntutan mahasiswa dalam aksi #IndonesiaGelap?

Baca artikelnya:
https://t.co/TLw6JJ3nym";jokowi bilang nggak yang berani mengkritik prabowo karena prabowo sangat kuat.;Razieq97;Mon Feb 17 14:21:01 +0000 2025
40;1891451756363600000;Apa makna #IndonesiaGelap? https://t.co/TLw6JJ3nym;"semua ulah pemerintah yg tulull dan kabinet gembrot bikin kebijakan tanpa ada dikaji dengan benarr. termasuk si omon"" ndasmu yg sudh dikritik tapi gengsinya tinggi padhl rakyt saat ini butuh pendidikan gratis serta kesehatan yg layak bukan program kacau inii.";Asfebaa;Mon Feb 17 11:55:31 +0000 2025
41;1891461241392000000;"Apa saja tuntutan mahasiswa dalam aksi #IndonesiaGelap?

Baca artikelnya:
https://t.co/TLw6JJ3nym";pak tlg dengarkan suara mahasiswa,suara rakyat;tejo2015;Mon Feb 17 15:10:24 +0000 2025
42;1891461241392000000;"Apa saja tuntutan mahasiswa dalam aksi #IndonesiaGelap?

Baca artikelnya:
https://t.co/TLw6JJ3nym";dia dengernya pas pemilu doang kak, kalo kepilih yah liat aja blkangan dah wkwk;caterissparibus;Tue Feb 18 03:27:24 +0000 2025
43;1891461241392000000;"Apa saja tuntutan mahasiswa dalam aksi #IndonesiaGelap?

Baca artikelnya:
https://t.co/TLw6JJ3nym";klen telat ! 10 thn kemarin ngapain aja ? apa yg terjadi dgn kondisi negeri hari ini adalah hasil dari kebijakan , banteng, kroco2 serta para penyembahnya yg telah sukses meluluhlantakan sendi2 kehidupan negeri ini ( ekonomi, hukum ,sosial dll );percikan2018id;Mon Feb 17 13:12:22 +0000 2025
44;1891451756363600000;Apa makna #IndonesiaGelap? https://t.co/TLw6JJ3nym;baru up hmm;LiuuBiao;Mon Feb 17 11:55:57 +0000 2025
45;1891461241392000000;"Apa saja tuntutan mahasiswa dalam aksi #IndonesiaGelap?

Baca artikelnya:
https://t.co/TLw6JJ3nym";perekonomian buruk, cuma pejabat dan koruptor yang bilang baik2 saja;eeekouwais;Tue Feb 18 02:51:00 +0000 2025
46;1891461241392000000;"Apa saja tuntutan mahasiswa dalam aksi #IndonesiaGelap?

Baca artikelnya:
https://t.co/TLw6JJ3nym";siapa yg bilang pemerintah prabowo gak ada yg berani kritik ? jumawa sekali orang itu. arogan meskipun gemar cengengesan. tidak ada pesta yg tidak usai, apalagi pesta diatas penderitaan masyarakat.;wong_clayten;Mon Feb 17 15:24:49 +0000 2025
47;1891461241392000000;"Apa saja tuntutan mahasiswa dalam aksi #IndonesiaGelap?

Baca artikelnya:
https://t.co/TLw6JJ3nym";panjang umur perjuangan;GeSadiba;Tue Feb 18 11:54:05 +0000 2025
48;1891461241392000000;"Apa saja tuntutan mahasiswa dalam aksi #IndonesiaGelap?

Baca artikelnya:
https://t.co/TLw6JJ3nym";hidup mahasiswa.! hidup rakyat.!;merindukan07;Mon Feb 17 13:13:27 +0000 2025
49;1891461241392000000;"Apa saja tuntutan mahasiswa dalam aksi #IndonesiaGelap?

Baca artikelnya:
https://t.co/TLw6JJ3nym";belum juga setahun pak prabowo jadi presiden malah begini;koma56096;Tue Feb 18 00:12:18 +0000 2025
50;1891461241392000000;"Apa saja tuntutan mahasiswa dalam aksi #IndonesiaGelap?

Baca artikelnya:
https://t.co/TLw6JJ3nym";kalau mau lihat orang cerdas ya di lapak x .;JHaryanto32660;Mon Feb 17 23:13:57 +0000 2025
51;1891461241392000000;"Apa saja tuntutan mahasiswa dalam aksi #IndonesiaGelap?

Baca artikelnya:
https://t.co/TLw6JJ3nym";baru 3 bln pemerintahan udh rame . gmn nih ? tlg pak;si_hohok;Mon Feb 17 12:20:33 +0000 2025
52;1891451756363600000;Apa makna #IndonesiaGelap? https://t.co/TLw6JJ3nym;wkwkwkwk pidato depan parcoknya masuk banget;Orangensaft11;Mon Feb 17 11:50:33 +0000 2025
53;1891461241392000000;"Apa saja tuntutan mahasiswa dalam aksi #IndonesiaGelap?

Baca artikelnya:
https://t.co/TLw6JJ3nym";cari sendiri, maless gilaa;triervan19;Tue Feb 18 14:00:31 +0000 2025
54;1891451756363600000;Apa makna #IndonesiaGelap? https://t.co/TLw6JJ3nym;"nah ndut coba bilang ""ndasmu sekali lagi ke mereka""";reand0000;Mon Feb 17 12:10:40 +0000 2025
55;1891461241392000000;"Apa saja tuntutan mahasiswa dalam aksi #IndonesiaGelap?

Baca artikelnya:
https://t.co/TLw6JJ3nym";indonesia gelap tapi tdk pernah mati lampu, indonesia lapar cocoknya;Romiandi1;Mon Feb 17 15:54:47 +0000 2025
56;1891461241392000000;"Apa saja tuntutan mahasiswa dalam aksi #IndonesiaGelap?

Baca artikelnya:
https://t.co/TLw6JJ3nym";cuak . pipis aja blm lurus . bilang indonesia gelap . loe pada mati aja. kalau ngak punya harapan.;setia_kuteu;Tue Feb 18 02:04:30 +0000 2025
57;1891461241392000000;"Apa saja tuntutan mahasiswa dalam aksi #IndonesiaGelap?

Baca artikelnya:
https://t.co/TLw6JJ3nym";indonesia gelap? di gw kagak ya, gak mati lampu. lu orang kagak bayar listrik sih, ya tentu aja diputus sama pln.;Anwarbohebo;Mon Feb 17 23:00:48 +0000 2025
58;1891461241392000000;"Apa saja tuntutan mahasiswa dalam aksi #IndonesiaGelap?

Baca artikelnya:
https://t.co/TLw6JJ3nym";ngomong apa loe . .madesu .;setia_kuteu;Tue Feb 18 02:05:29 +0000 2025
59;1891461241392000000;"Apa saja tuntutan mahasiswa dalam aksi #IndonesiaGelap?

Baca artikelnya:
https://t.co/TLw6JJ3nym";kasian orang tua anaknya dimanfaatkan kelompok geng sakit hati;didi_405;Mon Feb 17 13:08:57 +0000 2025
60;1891461241392000000;"Apa saja tuntutan mahasiswa dalam aksi #IndonesiaGelap?

Baca artikelnya:
https://t.co/TLw6JJ3nym";efisiensi tapi kabinet gendut.;yd1zzz;Tue Feb 18 12:23:05 +0000 2025
61;1891451756363600000;Apa makna #IndonesiaGelap? https://t.co/TLw6JJ3nym;siapa donatur demo mereka y;sugianur86;Mon Feb 17 12:02:37 +0000 2025
62;1891461241392000000;"Apa saja tuntutan mahasiswa dalam aksi #IndonesiaGelap?

Baca artikelnya:
https://t.co/TLw6JJ3nym";sehat2 terus adek2, terimakasih atas perjuangannya.;Kimkimamiek;Wed Feb 19 00:32:33 +0000 2025
63;1891461241392000000;"Apa saja tuntutan mahasiswa dalam aksi #IndonesiaGelap?

Baca artikelnya:
https://t.co/TLw6JJ3nym";kip tetap berjalan kk, tapi ga dengan yang lain, efesiensi pendidikan tetap berjalan walaupun bantuan beasiswa tidak termaksud. masalahnya? efesiensi anggaran terhadap pendidikan tetap berjalan, perlunya mengevaluasi mbg yang dirasa tidak tepat, mengingat banyaknya terkena dampak;GrecyOo;Tue Feb 18 03:54:03 +0000 2025
64;1891461241392000000;"Apa saja tuntutan mahasiswa dalam aksi #IndonesiaGelap?

Baca artikelnya:
https://t.co/TLw6JJ3nym";makan gratis ini mending gak usah aja deh,banyak makanan kebuang ada rasa yg gak sesuai selera anak, trus basi pula;NarjunMena15;Tue Feb 18 05:25:25 +0000 2025
65;1891461241392000000;"Apa saja tuntutan mahasiswa dalam aksi #IndonesiaGelap?

Baca artikelnya:
https://t.co/TLw6JJ3nym";halaahh nanti kalo lulus kerja di pemerintahan juga samaa ajaaa . sama sama tukang mainin anggaran dll kalo pejabat yang demo baru saya percaya !;M_IKBAR_fauzi;Mon Feb 17 14:00:05 +0000 2025
66;1891461241392000000;"Apa saja tuntutan mahasiswa dalam aksi #IndonesiaGelap?

Baca artikelnya:
https://t.co/TLw6JJ3nym";manaa tuh mahasiswa yang dulu demo pemerintahan . sekarang kerja di pemerintahan . pada diem aja kan ! ngerasain nikmatnya duit negara ya wkwkwk tailah;M_IKBAR_fauzi;Mon Feb 17 14:02:09 +0000 2025
67;1891461241392000000;"Apa saja tuntutan mahasiswa dalam aksi #IndonesiaGelap?

Baca artikelnya:
https://t.co/TLw6JJ3nym";baru 3 bulan lebih sudah jadi belatung;TxtdrSemeru;Tue Feb 18 00:36:13 +0000 2025
68;1891461241392000000;"Apa saja tuntutan mahasiswa dalam aksi #IndonesiaGelap?

Baca artikelnya:
https://t.co/TLw6JJ3nym";panik ga ya pak timbul, lagian belagu bener sih pake deklarasi bangga banggain mulyono bajingan tolok;abangfadlon;Mon Feb 17 14:36:26 +0000 2025
69;1891461241392000000;"Apa saja tuntutan mahasiswa dalam aksi #IndonesiaGelap?

Baca artikelnya:
https://t.co/TLw6JJ3nym";saya mohon pak presiden silaturahmi ke habib gamal bin yahya(sayid gamal yahya) pimpinan assyahadatain pan guragan cirebon untuk minta doanya demi kemakmuran dan ketentraman bangsa seperti pak harto ketika masih dekat dengan kakeknya yaitu habib umar bin yahya (abah umar);drasusila1;Tue Feb 18 01:57:20 +0000 2025
70;1891461241392000000;"Apa saja tuntutan mahasiswa dalam aksi #IndonesiaGelap?

Baca artikelnya:
https://t.co/TLw6JJ3nym";rapat kn barisan saat rakyat dan mahasiswa bersatu jng pilih pemimpin yang omon2 tinggi dan menyengsarakan rakyat baru jl 100 hari udh carut marut akibat mulyono dan wowo;erwinwin1706;Mon Feb 17 13:02:27 +0000 2025
71;1891461241392000000;"Apa saja tuntutan mahasiswa dalam aksi #IndonesiaGelap?

Baca artikelnya:
https://t.co/TLw6JJ3nym";1. konstitusi dikangkangi 2. uud. mau diubah seenak jidat seusai pesanan 3. incompetent ministers 4. mbg terlalu mahal 5. efisiensi carut marut 6. kabinet gemuk;iamslamet;Tue Feb 18 13:06:52 +0000 2025
72;1891461241392000000;"Apa saja tuntutan mahasiswa dalam aksi #IndonesiaGelap?

Baca artikelnya:
https://t.co/TLw6JJ3nym";efisiensi anggaran ya perlu .perlu banget .cuma larinya kemana .nah itu dia .perlu hitam diatas putih. .;Marvelmaliki2;Tue Feb 18 01:08:18 +0000 2025
73;1891461241392000000;"Apa saja tuntutan mahasiswa dalam aksi #IndonesiaGelap?

Baca artikelnya:
https://t.co/TLw6JJ3nym";lanjutkan sampai menang;zicostian;Tue Feb 18 06:53:25 +0000 2025
74;1891451756363600000;Apa makna #IndonesiaGelap? https://t.co/TLw6JJ3nym;ini pengen suara kan hidup mahasiswa;restafajri;Mon Feb 17 12:14:26 +0000 2025
75;1891461241392000000;"Apa saja tuntutan mahasiswa dalam aksi #IndonesiaGelap?

Baca artikelnya:
https://t.co/TLw6JJ3nym";"kalo ada aksi tandingan ""indonesia terang"" pasti lebih banyak yang ikut";yan_lanes;Mon Feb 17 17:50:19 +0000 2025
76;1891461241392000000;"Apa saja tuntutan mahasiswa dalam aksi #IndonesiaGelap?

Baca artikelnya:
https://t.co/TLw6JJ3nym";ga usah parang sosmed deh. di facebook juga banyak yang ikut demo. perangin tuh pemerintah dzalim dulu.;Disckord;Tue Feb 18 05:59:04 +0000 2025
77;1891451756363600000;Apa makna #IndonesiaGelap? https://t.co/TLw6JJ3nym;biarin aja, ttp semangat emang populasi mrk bnyk kok, buktinya kmakan janji politik omon2;kerberooz;Mon Feb 17 12:08:31 +0000 2025
78;1891461241392000000;"Apa saja tuntutan mahasiswa dalam aksi #IndonesiaGelap?

Baca artikelnya:
https://t.co/TLw6JJ3nym";udah biarin aja, komenan begitu gausah di gubris, bakal tetep kalah kalau diajak debat, batu orangnya.;antow_sakti;Mon Feb 17 15:16:07 +0000 2025
79;1891461241392000000;"Apa saja tuntutan mahasiswa dalam aksi #IndonesiaGelap?

Baca artikelnya:
https://t.co/TLw6JJ3nym";fb. , toktok dan sejenisnya rata2 penggunanya kaum 58;MasKhayat;Mon Feb 17 20:40:00 +0000 2025
80;1886790273172460000;"Di sisi lain, dosen-dosen ASN harus berjuang untuk mendapatkan hak tunjangan kinerja mereka yang tidak dianggarkan oleh pemerintah karena Kementerian Pendidikan dipecah jadi tiga.
https://t.co/5acHxVfMOE";nah ini gua setuju kapan lagi mumpung baru 100 hari belom bertahun tahun.dia bilang hidup jokowi bukan hidup rakyat.udh keliatan di kasih saran kabunet gemuk malah bilang ndasmu, pemimpin apa yg begitu;AshironiM9518;Mon Feb 17 11:35:10 +0000 2025
81;1891461241392000000;"Apa saja tuntutan mahasiswa dalam aksi #IndonesiaGelap?

Baca artikelnya:
https://t.co/TLw6JJ3nym";yg real2 aja lah. ga usah dibumbui hoax segala;perspektur;Mon Feb 17 12:14:37 +0000 2025
82;1891461241392000000;"Apa saja tuntutan mahasiswa dalam aksi #IndonesiaGelap?

Baca artikelnya:
https://t.co/TLw6JJ3nym";jelasin yanggg;FKavikaa__;Tue Feb 18 13:59:52 +0000 2025
83;1891461241392000000;"Apa saja tuntutan mahasiswa dalam aksi #IndonesiaGelap?

Baca artikelnya:
https://t.co/TLw6JJ3nym";padahal yang di pangkas itu anggaran atl,jamuan,seminar,perjadin, ga ada phk, bukanya bagus yah?;Hahihuheho73742;Tue Feb 18 03:24:18 +0000 2025
84;1886790273172460000;"Di sisi lain, dosen-dosen ASN harus berjuang untuk mendapatkan hak tunjangan kinerja mereka yang tidak dianggarkan oleh pemerintah karena Kementerian Pendidikan dipecah jadi tiga.
https://t.co/5acHxVfMOE";pmii ga turun min?;NazmiFzn_;Mon Feb 17 11:35:21 +0000 2025
85;1886790273172460000;"Di sisi lain, dosen-dosen ASN harus berjuang untuk mendapatkan hak tunjangan kinerja mereka yang tidak dianggarkan oleh pemerintah karena Kementerian Pendidikan dipecah jadi tiga.
https://t.co/5acHxVfMOE";ubur-ubur ikan lele, negara dipimpin presiden omon2,pake syahwat politik dan cawe2 begini jadinya lee madesu nih negara. blm lg wakil presidennya tampang cupu2, ga suka baca, pidato ga mampu, sekolah jg ga jelas asalnya. halahhhhh.tobat.tobattttt;jr_boyke;Mon Feb 17 11:27:07 +0000 2025
86;1891461241392000000;"Apa saja tuntutan mahasiswa dalam aksi #IndonesiaGelap?

Baca artikelnya:
https://t.co/TLw6JJ3nym";biar aja gemuk.nanti kan obesitas,diabetes,gagal jantung,stroke,modyar. kata dokter gemuk-gemuk gak bagus malah ngeyel.;amatredjo80;Tue Feb 18 11:24:34 +0000 2025
87;1891461241392000000;"Apa saja tuntutan mahasiswa dalam aksi #IndonesiaGelap?

Baca artikelnya:
https://t.co/TLw6JJ3nym";wajar juga sih;Raniaadista479;Wed Feb 19 02:08:56 +0000 2025
88;1891461241392000000;"Apa saja tuntutan mahasiswa dalam aksi #IndonesiaGelap?

Baca artikelnya:
https://t.co/TLw6JJ3nym";negara sebesar ini seolah hanya milik mereka berdua saja, sesuka mereka berdua saja.;Gunalo5252621;Mon Feb 17 14:32:59 +0000 2025
89;1891461241392000000;"Apa saja tuntutan mahasiswa dalam aksi #IndonesiaGelap?

Baca artikelnya:
https://t.co/TLw6JJ3nym";masih aja berharap sama beliau, dia begitu memuji mukanya sama mulyono;ts_tonis;Tue Feb 18 10:10:40 +0000 2025
90;1891461241392000000;"Apa saja tuntutan mahasiswa dalam aksi #IndonesiaGelap?

Baca artikelnya:
https://t.co/TLw6JJ3nym";"yang dulu ikutan joged"" oke gas sebagian juga dari mahasiswa padahal jelas"" dari debat capres dipaparkan pendukung nya sekarang gimana ya reaksinya? apa masih kurang akal sehat? atau sudah sadar dan ikut ramein demo di garda terdepan?";DradjatiAk51284;Mon Feb 17 17:13:18 +0000 2025
91;1891461241392000000;"Apa saja tuntutan mahasiswa dalam aksi #IndonesiaGelap?

Baca artikelnya:
https://t.co/TLw6JJ3nym";ini media di kasih biaya sama negara asing jgn di percaya;AdrianZulfikar6;Tue Feb 18 09:14:00 +0000 2025
92;1891461241392000000;"Apa saja tuntutan mahasiswa dalam aksi #IndonesiaGelap?

Baca artikelnya:
https://t.co/TLw6JJ3nym";fb, tiktok isinya orang tolol jngn diharepin;lucknut31;Tue Feb 18 12:11:42 +0000 2025
93;1891461241392000000;"Apa saja tuntutan mahasiswa dalam aksi #IndonesiaGelap?

Baca artikelnya:
https://t.co/TLw6JJ3nym";buat rakyat yg muslim tlg jgn lupain campur tangan tuhan dlm usaha apapun ngingetin pemerintah klo zhalim, termasuk dg doanya rasulullah saw buat org yg zhalim 'ya allah ambil alihlah mereka' biar allah langsung yg menghukum mereka2 yg zhalim;heyitsnotmetho;Tue Feb 18 03:23:20 +0000 2025
94;1891461241392000000;"Apa saja tuntutan mahasiswa dalam aksi #IndonesiaGelap?

Baca artikelnya:
https://t.co/TLw6JJ3nym";indonesia dalam genggaman oligarki;Masihku0710;Mon Feb 17 13:50:22 +0000 2025
95;1891461241392000000;"Apa saja tuntutan mahasiswa dalam aksi #IndonesiaGelap?

Baca artikelnya:
https://t.co/TLw6JJ3nym";wkwk, narasinya ngeri yaa bbc. seolah² cuma yg demo aja yg ngerasain setuasi negara yg ngga baik² aja;Kalakshii_;Mon Feb 17 15:54:46 +0000 2025
96;1891461241392000000;"Apa saja tuntutan mahasiswa dalam aksi #IndonesiaGelap?

Baca artikelnya:
https://t.co/TLw6JJ3nym";mana mahasiswa yang sudah lulus dan kerja di pemerintahan ?! kok gak demo ? wkwkwk taiilaah;M_IKBAR_fauzi;Mon Feb 17 14:03:04 +0000 2025
97;1891451756363600000;Apa makna #IndonesiaGelap? https://t.co/TLw6JJ3nym;kalo dulu penggerak demo kan dr partai oposisi kalau skrg partai oposisi ga ada, gerakan ini organik sih;boostsocmed;Mon Feb 17 11:39:16 +0000 2025
98;1891461241392000000;"Apa saja tuntutan mahasiswa dalam aksi #IndonesiaGelap?

Baca artikelnya:
https://t.co/TLw6JJ3nym";buka mata lu buka;amo_bolang;Mon Feb 17 13:00:25 +0000 2025
99;1891461241392000000;"Apa saja tuntutan mahasiswa dalam aksi #IndonesiaGelap?

Baca artikelnya:
https://t.co/TLw6JJ3nym";dri foto yg saya share mungkin kakak bisa liat, bahkan perpustakaan saja harus tutup karena adanya pemangkasan dana, sampah berserakan karena pegawai yang di phk secara tiba-tiba, plang kereta yang tidak di jaga karena phk secara tiba-tiba.;GrecyOo;Tue Feb 18 13:50:42 +0000 2025
100;1891451756363600000;Apa makna #IndonesiaGelap? https://t.co/TLw6JJ3nym;ayo bbc laporin ke pusat kalian,media di indo pada gak berani liput demo ini.cuma inews dan cnn yg berani live report;singteyong;Mon Feb 17 11:45:57 +0000 2025
101;1891461241392000000;"Apa saja tuntutan mahasiswa dalam aksi #IndonesiaGelap?

Baca artikelnya:
https://t.co/TLw6JJ3nym";git gitu amat pasukanmu?;fairusmann;Tue Feb 18 05:28:00 +0000 2025
102;1891461241392000000;"Apa saja tuntutan mahasiswa dalam aksi #IndonesiaGelap?

Baca artikelnya:
https://t.co/TLw6JJ3nym";ini tujuan kita, kita ga asal gerak.;GrecyOo;Mon Feb 17 13:37:47 +0000 2025
103;1891461241392000000;"Apa saja tuntutan mahasiswa dalam aksi #IndonesiaGelap?

Baca artikelnya:
https://t.co/TLw6JJ3nym";jadi angka survey kepuasan terhadap pemerintah an pa prabowo itu angka nya drimna kira kira ? ko bisa fakta nya mahasiswa dan intelektual malah menilai sebaliknya jdi ? min bisa bantu jelasin ?;DenasIdn1;Mon Feb 17 14:23:22 +0000 2025
104;1891451756363600000;Apa makna #IndonesiaGelap? https://t.co/TLw6JJ3nym;sprtnya sudah mulai tanda2 akan mirip bangladesh, perjuangan utk menuntut adili finalis manusia terkorup sedunia, mulyono akan bangga melihat keruwetan yg telah dibuatnya selama 10 thn ini;Yoes33687368;Mon Feb 17 11:40:57 +0000 2025
105;1891461241392000000;"Apa saja tuntutan mahasiswa dalam aksi #IndonesiaGelap?

Baca artikelnya:
https://t.co/TLw6JJ3nym";makasih banyak para pejuang suara rakyat;evy_wahudy;Mon Feb 17 14:47:35 +0000 2025
106;1891461241392000000;"Apa saja tuntutan mahasiswa dalam aksi #IndonesiaGelap?

Baca artikelnya:
https://t.co/TLw6JJ3nym";itu program yg dirancang sistematis unt terus bisa dijajah ini negara;fanyyfawak;Mon Feb 17 23:43:33 +0000 2025
107;1891461241392000000;"Apa saja tuntutan mahasiswa dalam aksi #IndonesiaGelap?

Baca artikelnya:
https://t.co/TLw6JJ3nym";maklum kaum 58% kan emang tolol;sunaippu;Mon Feb 17 13:14:07 +0000 2025
108;1891461241392000000;"Apa saja tuntutan mahasiswa dalam aksi #IndonesiaGelap?

Baca artikelnya:
https://t.co/TLw6JJ3nym";siangnya presiden pidato bilang indonesia menuju arah yang benar, diwaktu yang sama ada yang demo yang bilang indonesia gelap, mana yang benar?;fajarep;Mon Feb 17 14:28:04 +0000 2025
109;1891461241392000000;"Apa saja tuntutan mahasiswa dalam aksi #IndonesiaGelap?

Baca artikelnya:
https://t.co/TLw6JJ3nym";mbg mmg seharusnya dihentikan atau dievaluasi hanya utk siswa yg membutuhkan saja pemangkasan anggaran sptinya tdk akn ada protes dr rkyat asal tdk mengganggu dana pendidikan dan kesehatan dan berani menghukum mati dan memiskinkan koruptor trlbh dahulu;rois_aly;Mon Feb 17 14:18:17 +0000 2025
110;1891461241392000000;"Apa saja tuntutan mahasiswa dalam aksi #IndonesiaGelap?

Baca artikelnya:
https://t.co/TLw6JJ3nym";yg di klaim memburuk? di klaim? eh kita bukan ngeklaim ya. emang beneran buruk! rakyat antri gas 3 kg sementara pejabatnya joget2. gaji cuma cukup sampe pertengahan bulan, sisanya makanin tabungan and many more.;Wilma_83;Mon Feb 17 21:44:14 +0000 2025
111;1891461241392000000;"Apa saja tuntutan mahasiswa dalam aksi #IndonesiaGelap?

Baca artikelnya:
https://t.co/TLw6JJ3nym";kenapa akun² beginian kalau ngetik di medsos x, suka pakai emot banyak amat ya;shda_agatha_;Sun Mar 29 05:36:07 +0000 2026
112;1891461241392000000;"Apa saja tuntutan mahasiswa dalam aksi #IndonesiaGelap?

Baca artikelnya:
https://t.co/TLw6JJ3nym";awokawok indonesia gelap. didanai koruptor;Jepv173;Sat Jun 21 17:43:38 +0000 2025
113;1891461241392000000;"Apa saja tuntutan mahasiswa dalam aksi #IndonesiaGelap?

Baca artikelnya:
https://t.co/TLw6JJ3nym";mereka bergerak demi bangsanya yg yg sangat memprihatikan;Tajuddinkudu;Thu Feb 20 00:19:00 +0000 2025
114;1891461241392000000;"Apa saja tuntutan mahasiswa dalam aksi #IndonesiaGelap?

Baca artikelnya:
https://t.co/TLw6JJ3nym";sorry gue anak abah om;angelusjoanne;Wed Feb 19 14:39:40 +0000 2025
115;1891461241392000000;"Apa saja tuntutan mahasiswa dalam aksi #IndonesiaGelap?

Baca artikelnya:
https://t.co/TLw6JJ3nym";manusia2 goblok;StanleyAWar;Wed Feb 19 11:48:55 +0000 2025
116;1891461241392000000;"Apa saja tuntutan mahasiswa dalam aksi #IndonesiaGelap?

Baca artikelnya:
https://t.co/TLw6JJ3nym";perasaan indonesia baik baik saja mereka demo untuk siapa;Suhaidi14;Wed Feb 19 09:40:03 +0000 2025
117;1891461241392000000;"Apa saja tuntutan mahasiswa dalam aksi #IndonesiaGelap?

Baca artikelnya:
https://t.co/TLw6JJ3nym";memburuk ? bgi siapa ? rakyat ? kami baik2 sj .justru kami terganggu dng demo yg tidak jelas ini.;endelz5;Wed Feb 19 09:31:15 +0000 2025
118;1891461241392000000;"Apa saja tuntutan mahasiswa dalam aksi #IndonesiaGelap?

Baca artikelnya:
https://t.co/TLw6JJ3nym";ukhti;SPujono61303;Wed Feb 19 08:32:41 +0000 2025
119;1891461241392000000;"Apa saja tuntutan mahasiswa dalam aksi #IndonesiaGelap?

Baca artikelnya:
https://t.co/TLw6JJ3nym";makasiii udah up isu inii;astratiffed;Wed Feb 19 07:20:23 +0000 2025
120;1891461241392000000;"Apa saja tuntutan mahasiswa dalam aksi #IndonesiaGelap?

Baca artikelnya:
https://t.co/TLw6JJ3nym";mercu kelas karyawan turun ke jalan ga? jgn turun ke camden mulu;husenmuhammads;Wed Feb 19 06:52:14 +0000 2025
121;1891461241392000000;"Apa saja tuntutan mahasiswa dalam aksi #IndonesiaGelap?

Baca artikelnya:
https://t.co/TLw6JJ3nym";baru bbc niii, yg laen mingkem kena sogokdiancemdua2nya;baronessofessex;Wed Feb 19 06:03:42 +0000 2025
122;1891461241392000000;"Apa saja tuntutan mahasiswa dalam aksi #IndonesiaGelap?

Baca artikelnya:
https://t.co/TLw6JJ3nym";mahasewa ( anies ganjar );kakashi39150457;Wed Feb 19 04:49:44 +0000 2025
123;1891461241392000000;"Apa saja tuntutan mahasiswa dalam aksi #IndonesiaGelap?

Baca artikelnya:
https://t.co/TLw6JJ3nym";"""ndasmu"" katanya";khoirultamamii;Wed Feb 19 04:40:10 +0000 2025
124;1891461241392000000;"Apa saja tuntutan mahasiswa dalam aksi #IndonesiaGelap?

Baca artikelnya:
https://t.co/TLw6JJ3nym";thank bbc indonesia dan mohon bantuannya untuk menghubungi kawan2 jurnalis internasional agar isu2 kemunduran demokrasi dan hukum di indonesia di tampilkan diberbagai media massa di sana;frans_natadi;Wed Feb 19 02:45:24 +0000 2025
125;1891461241392000000;"Apa saja tuntutan mahasiswa dalam aksi #IndonesiaGelap?

Baca artikelnya:
https://t.co/TLw6JJ3nym";foto ndak berguna dan memalukan;BintangNus77642;Wed Feb 19 01:59:37 +0000 2025
126;1891461241392000000;"Apa saja tuntutan mahasiswa dalam aksi #IndonesiaGelap?

Baca artikelnya:
https://t.co/TLw6JJ3nym";tolong release lebih banyak lagi min;kusepertijelly;Mon Feb 17 13:28:57 +0000 2025
127;1891461241392000000;"Apa saja tuntutan mahasiswa dalam aksi #IndonesiaGelap?

Baca artikelnya:
https://t.co/TLw6JJ3nym";sebelum jd presiden.;abu_hafidz66;Mon Feb 17 14:52:11 +0000 2025
128;1891461241392000000;"Apa saja tuntutan mahasiswa dalam aksi #IndonesiaGelap?

Baca artikelnya:
https://t.co/TLw6JJ3nym";bbc dasar anak abahh;Cillipari;Mon Feb 17 18:07:35 +0000 2025
129;1891461241392000000;"Apa saja tuntutan mahasiswa dalam aksi #IndonesiaGelap?

Baca artikelnya:
https://t.co/TLw6JJ3nym";hati2 bgt yaa nulis captionnya but thanks;mrsyimsiwan;Mon Feb 17 13:42:58 +0000 2025
130;1891461241392000000;"Apa saja tuntutan mahasiswa dalam aksi #IndonesiaGelap?

Baca artikelnya:
https://t.co/TLw6JJ3nym";media anak abah ya bbc ini, beda sama detik, kompas, mnc, metro yg anak mulyontol.;Cillipari;Mon Feb 17 18:09:35 +0000 2025
131;1891461241392000000;"Apa saja tuntutan mahasiswa dalam aksi #IndonesiaGelap?

Baca artikelnya:
https://t.co/TLw6JJ3nym";kalian hebat semangat berjuang;let_it_be_22;Tue Feb 18 06:03:22 +0000 2025
132;1891461241392000000;"Apa saja tuntutan mahasiswa dalam aksi #IndonesiaGelap?

Baca artikelnya:
https://t.co/TLw6JJ3nym";tv ga menayangkan krn pemiliknya pro pemerintah;evy_wahudy;Mon Feb 17 14:27:37 +0000 2025
133;1891461241392000000;"Apa saja tuntutan mahasiswa dalam aksi #IndonesiaGelap?

Baca artikelnya:
https://t.co/TLw6JJ3nym";biarin aja, belum move on dia. ciri khas bajer 700 peraktwt.;mrsyimsiwan;Mon Feb 17 14:35:05 +0000 2025
134;1891461241392000000;"Apa saja tuntutan mahasiswa dalam aksi #IndonesiaGelap?

Baca artikelnya:
https://t.co/TLw6JJ3nym";ini dia komen yang ditunggu.;katakangparkir;Tue Feb 18 01:18:03 +0000 2025
135;1891461241392000000;"Apa saja tuntutan mahasiswa dalam aksi #IndonesiaGelap?

Baca artikelnya:
https://t.co/TLw6JJ3nym";tambahin lagi tuntutannya, !;UG_Moody;Tue Feb 18 00:42:50 +0000 2025
136;1891461241392000000;"Apa saja tuntutan mahasiswa dalam aksi #IndonesiaGelap?

Baca artikelnya:
https://t.co/TLw6JJ3nym";yg penting rakyat sudah mengingatken daripada pak;omsenank1;Tue Feb 18 00:28:44 +0000 2025
137;1891461241392000000;"Apa saja tuntutan mahasiswa dalam aksi #IndonesiaGelap?

Baca artikelnya:
https://t.co/TLw6JJ3nym";nyimak aja udah;urloveeeee_i;Mon Feb 17 14:07:06 +0000 2025
138;1891461241392000000;"Apa saja tuntutan mahasiswa dalam aksi #IndonesiaGelap?

Baca artikelnya:
https://t.co/TLw6JJ3nym";viral anak kecil jadi macam;fit23937;Tue Feb 18 07:30:59 +0000 2025
139;1891461241392000000;"Apa saja tuntutan mahasiswa dalam aksi #IndonesiaGelap?

Baca artikelnya:
https://t.co/TLw6JJ3nym";heboh di x doang.keadaan didunia nyata biasa2 aja;faktur_ackerman;Wed Feb 19 01:43:28 +0000 2025
140;1891461241392000000;"Apa saja tuntutan mahasiswa dalam aksi #IndonesiaGelap?

Baca artikelnya:
https://t.co/TLw6JJ3nym";kok narasinya 'mereka sebut memburuk' ya emang buruk minnnn astagaa;dilarahayat09;Mon Feb 17 17:05:00 +0000 2025
141;1891461241392000000;"Apa saja tuntutan mahasiswa dalam aksi #IndonesiaGelap?

Baca artikelnya:
https://t.co/TLw6JJ3nym";anj masih aja bawa2 anak abah cuk. emang tolol voters 02 ngga diragukan lagi;buttercupied;Mon Feb 17 15:12:08 +0000 2025
142;1891461241392000000;"Apa saja tuntutan mahasiswa dalam aksi #IndonesiaGelap?

Baca artikelnya:
https://t.co/TLw6JJ3nym";kalangan bawah antri gas rame rame ama pada di phk;fturediplomat;Tue Feb 18 03:41:12 +0000 2025
143;1891461241392000000;"Apa saja tuntutan mahasiswa dalam aksi #IndonesiaGelap?

Baca artikelnya:
https://t.co/TLw6JJ3nym";"para mahasiswa mendesak pemerintah bertanggung jawab atas situasi negara yang ""mereka"" sebut memburuk. kelihatan hati-hati banget dalam pemilihan diksinya. kalu hanya ""mereka"" yang merasa situasi sekarang buruk, lantas bagaimana dengan pendapat ""sisanya""?";rabeledlebel;Mon Feb 17 13:49:28 +0000 2025
144;1891461241392000000;"Apa saja tuntutan mahasiswa dalam aksi #IndonesiaGelap?

Baca artikelnya:
https://t.co/TLw6JJ3nym";ya, itulah, pemerintah sudah lupa diri;SurjawanDe33967;Mon Feb 17 12:22:25 +0000 2025
145;1891461241392000000;"Apa saja tuntutan mahasiswa dalam aksi #IndonesiaGelap?

Baca artikelnya:
https://t.co/TLw6JJ3nym";ak juga tau pas liat x;de_capulet13;Tue Feb 18 16:02:48 +0000 2025
146;1891461241392000000;"Apa saja tuntutan mahasiswa dalam aksi #IndonesiaGelap?

Baca artikelnya:
https://t.co/TLw6JJ3nym";efisiensi hanya untuk memakmurkan anjing-anjing istana.;Bravo_munte;Mon Feb 17 18:31:37 +0000 2025
147;1891461241392000000;"Apa saja tuntutan mahasiswa dalam aksi #IndonesiaGelap?

Baca artikelnya:
https://t.co/TLw6JJ3nym";yailah akun ternak;XBA2454;Mon Feb 17 23:12:14 +0000 2025
148;1891461241392000000;"Apa saja tuntutan mahasiswa dalam aksi #IndonesiaGelap?

Baca artikelnya:
https://t.co/TLw6JJ3nym";challenge buat apakah akan berani menemui pendemo? jika tidak sepertinya bener2 dia murid teladan dari si guru mulyono;MuhJokoS;Mon Feb 17 15:18:33 +0000 2025
149;1891461241392000000;"Apa saja tuntutan mahasiswa dalam aksi #IndonesiaGelap?

Baca artikelnya:
https://t.co/TLw6JJ3nym";halo ga mau kah kalian, demo bayaran;omjiyun7869;Sat Jun 21 14:06:22 +0000 2025
150;1891461241392000000;"Apa saja tuntutan mahasiswa dalam aksi #IndonesiaGelap?

Baca artikelnya:
https://t.co/TLw6JJ3nym";baca komen di ig isi nya ternakan mulyono semua;gunandarr;Mon Feb 17 14:57:03 +0000 2025
151;1891461241392000000;"Apa saja tuntutan mahasiswa dalam aksi #IndonesiaGelap?

Baca artikelnya:
https://t.co/TLw6JJ3nym";maklum faktor u, kena demensia;CitraNuzula;Tue Feb 18 02:22:40 +0000 2025
152;1891461241392000000;"Apa saja tuntutan mahasiswa dalam aksi #IndonesiaGelap?

Baca artikelnya:
https://t.co/TLw6JJ3nym";pasti ada yg komporin.;Arfine_25;Mon Feb 17 22:49:12 +0000 2025
153;1891461241392000000;"Apa saja tuntutan mahasiswa dalam aksi #IndonesiaGelap?

Baca artikelnya:
https://t.co/TLw6JJ3nym";senang?;Maryani189;Tue Feb 18 03:10:41 +0000 2025
154;1891461241392000000;"Apa saja tuntutan mahasiswa dalam aksi #IndonesiaGelap?

Baca artikelnya:
https://t.co/TLw6JJ3nym";moga di up media luar, biar gemoy tak banyak cakap di luar sana.;maticputih;Mon Feb 17 13:59:32 +0000 2025
155;1891461241392000000;"Apa saja tuntutan mahasiswa dalam aksi #IndonesiaGelap?

Baca artikelnya:
https://t.co/TLw6JJ3nym";akibat dan resiko mayoritas pers media cetak dan eletronik arus utama mendukung jok dog 2014 - 2019 lanjut 2019 - 2024;hamtawindu;Mon Feb 17 14:29:10 +0000 2025
156;1891461241392000000;"Apa saja tuntutan mahasiswa dalam aksi #IndonesiaGelap?

Baca artikelnya:
https://t.co/TLw6JJ3nym";samgat mematikan;Aamahmadqusaeri;Mon Feb 17 14:46:54 +0000 2025
157;1891461241392000000;"Apa saja tuntutan mahasiswa dalam aksi #IndonesiaGelap?

Baca artikelnya:
https://t.co/TLw6JJ3nym";namanya juga mahasewa,ada duit kita demo, gak ada duit gak mau demo;religion_no;Wed Feb 19 00:50:31 +0000 2025
158;1891461241392000000;"Apa saja tuntutan mahasiswa dalam aksi #IndonesiaGelap?

Baca artikelnya:
https://t.co/TLw6JJ3nym";"pemerintahan baru ±100 hari udah bnyak kontolversi dan demo. inikah yg katanya ""yang penting hasilnya""? ndasmu wo.";Akm2384;Mon Feb 17 18:40:42 +0000 2025
159;1891461241392000000;"Apa saja tuntutan mahasiswa dalam aksi #IndonesiaGelap?

Baca artikelnya:
https://t.co/TLw6JJ3nym";kalo mau ngebuzzer minimal pahamin dulu kalimatnya bang;dosepiws;Mon Feb 17 16:34:26 +0000 2025
160;1891461241392000000;"Apa saja tuntutan mahasiswa dalam aksi #IndonesiaGelap?

Baca artikelnya:
https://t.co/TLw6JJ3nym";punya wakil presiden ga becus ngomong, punya presiden ngomong kasar seperti orang jalanan. gelap indonesia;NdesoBocah71;Mon Feb 17 21:34:08 +0000 2025
161;1891461241392000000;"Apa saja tuntutan mahasiswa dalam aksi #IndonesiaGelap?

Baca artikelnya:
https://t.co/TLw6JJ3nym";ndasmu;purple_ungu;Mon Feb 17 18:36:58 +0000 2025
162;1891461241392000000;"Apa saja tuntutan mahasiswa dalam aksi #IndonesiaGelap?

Baca artikelnya:
https://t.co/TLw6JJ3nym";terima kasih bbc;edimyz;Mon Feb 17 14:42:48 +0000 2025
163;1891461241392000000;"Apa saja tuntutan mahasiswa dalam aksi #IndonesiaGelap?

Baca artikelnya:
https://t.co/TLw6JJ3nym";hidup rakyat, hidup mahasiswa;cekresi5689;Mon Feb 17 13:42:30 +0000 2025
164;1891461241392000000;"Apa saja tuntutan mahasiswa dalam aksi #IndonesiaGelap?

Baca artikelnya:
https://t.co/TLw6JJ3nym";kawal terus reformasi.!;FaqihJabo;Mon Feb 17 15:40:37 +0000 2025
165;1891461241392000000;"Apa saja tuntutan mahasiswa dalam aksi #IndonesiaGelap?

Baca artikelnya:
https://t.co/TLw6JJ3nym";bagi soft file posternya dong hehehheh;gummmilangh;Tue Feb 18 06:28:27 +0000 2025
166;1891461241392000000;"Apa saja tuntutan mahasiswa dalam aksi #IndonesiaGelap?

Baca artikelnya:
https://t.co/TLw6JJ3nym";nah loh;NellaSholikha;Sun Mar 09 22:11:48 +0000 2025
167;1891461241392000000;"Apa saja tuntutan mahasiswa dalam aksi #IndonesiaGelap?

Baca artikelnya:
https://t.co/TLw6JJ3nym";ganyambung lol;hongfisip;Mon Feb 17 14:29:04 +0000 2025
168;1891461241392000000;"Apa saja tuntutan mahasiswa dalam aksi #IndonesiaGelap?

Baca artikelnya:
https://t.co/TLw6JJ3nym";janji ga nyenyenye dan nyindir² waktu pidato?;crushlicous;Tue Feb 18 05:15:15 +0000 2025
169;1891461241392000000;"Apa saja tuntutan mahasiswa dalam aksi #IndonesiaGelap?

Baca artikelnya:
https://t.co/TLw6JJ3nym";panjang umur perjuangan;14Kocheng;Tue Feb 18 04:20:22 +0000 2025
170;1891461241392000000;"Apa saja tuntutan mahasiswa dalam aksi #IndonesiaGelap?

Baca artikelnya:
https://t.co/TLw6JJ3nym";adili jokowi;YayatSu93115469;Mon Feb 17 15:18:41 +0000 2025
171;1891461241392000000;"Apa saja tuntutan mahasiswa dalam aksi #IndonesiaGelap?

Baca artikelnya:
https://t.co/TLw6JJ3nym";"sisanya sedang kesusahan mengantri gas dan terseok karena dana pendidikan di pangkas, bodohnya indonesia karena mereka terkungkung dalam kenestapaan tanpa berani protes, disini lah letak ""mereka"" yang sedang berjuang mewakilkan kesengsaraan itu.";callmelummm;Tue Feb 18 01:52:42 +0000 2025
172;1891461241392000000;"Apa saja tuntutan mahasiswa dalam aksi #IndonesiaGelap?

Baca artikelnya:
https://t.co/TLw6JJ3nym";sehat sehat selalu kalian yang bisa turun demo;woppawopp;Mon Feb 17 14:51:45 +0000 2025
173;1891461241392000000;"Apa saja tuntutan mahasiswa dalam aksi #IndonesiaGelap?

Baca artikelnya:
https://t.co/TLw6JJ3nym";setelah jadi ndase gak siap dikritik;Agung_Abi_Za;Tue Feb 18 02:21:16 +0000 2025
174;1891461241392000000;"Apa saja tuntutan mahasiswa dalam aksi #IndonesiaGelap?

Baca artikelnya:
https://t.co/TLw6JJ3nym";lihat tuh bos, anak anak udah pada berani demo kamu hahahahaha;gunausaha;Mon Feb 17 15:28:05 +0000 2025
175;1891461241392000000;"Apa saja tuntutan mahasiswa dalam aksi #IndonesiaGelap?

Baca artikelnya:
https://t.co/TLw6JJ3nym";hahahahaha udah pada berani demo;gunausaha;Mon Feb 17 15:18:44 +0000 2025
176;1891461241392000000;"Apa saja tuntutan mahasiswa dalam aksi #IndonesiaGelap?

Baca artikelnya:
https://t.co/TLw6JJ3nym";sudahlah simpan ego mu, jangan karena tahan malu proyek gagal, seluruh rakyat jadi kena dampaknya;fakzonwo;Tue Feb 18 03:09:19 +0000 2025
177;1891461241392000000;"Apa saja tuntutan mahasiswa dalam aksi #IndonesiaGelap?

Baca artikelnya:
https://t.co/TLw6JJ3nym";ini jangan lupa masukin;ndristic;Tue Feb 18 17:09:45 +0000 2025
178;1891461241392000000;"Apa saja tuntutan mahasiswa dalam aksi #IndonesiaGelap?

Baca artikelnya:
https://t.co/TLw6JJ3nym";admin;MrSkullMonkey;Wed Feb 19 00:37:34 +0000 2025
179;1891461241392000000;"Apa saja tuntutan mahasiswa dalam aksi #IndonesiaGelap?

Baca artikelnya:
https://t.co/TLw6JJ3nym";oalah penjilat silit mulyono toh;ardhsta;Tue Feb 18 00:42:41 +0000 2025
180;1891461241392000000;"Apa saja tuntutan mahasiswa dalam aksi #IndonesiaGelap?

Baca artikelnya:
https://t.co/TLw6JJ3nym";izin comot foto adminkuh;wargafiguran;Mon Feb 17 14:38:46 +0000 2025
181;1891461241392000000;"Apa saja tuntutan mahasiswa dalam aksi #IndonesiaGelap?

Baca artikelnya:
https://t.co/TLw6JJ3nym";dibayar berapa pak?;ardhsta;Tue Feb 18 00:41:21 +0000 2025
182;1891461241392000000;"Apa saja tuntutan mahasiswa dalam aksi #IndonesiaGelap?

Baca artikelnya:
https://t.co/TLw6JJ3nym";tetap semangat;edyibnikawhe;Tue Feb 18 05:27:04 +0000 2025
183;1891461241392000000;"Apa saja tuntutan mahasiswa dalam aksi #IndonesiaGelap?

Baca artikelnya:
https://t.co/TLw6JJ3nym";kenapa ga masuk berita yaaa;Aku_human_;Mon Feb 17 15:43:45 +0000 2025
184;1891461241392000000;"Apa saja tuntutan mahasiswa dalam aksi #IndonesiaGelap?

Baca artikelnya:
https://t.co/TLw6JJ3nym";tolong disebar luaskan dong di channel tv nya lokal maupun interrnasional , maklum tv mainstream lokal sedang mati suri kalo liput demo anti rejim;HudSuharg;Mon Feb 17 15:18:33 +0000 2025
185;1891461241392000000;"Apa saja tuntutan mahasiswa dalam aksi #IndonesiaGelap?

Baca artikelnya:
https://t.co/TLw6JJ3nym";bahasa kebodohan anak abah;Migrivata;Mon Feb 17 22:13:54 +0000 2025
186;1891461241392000000;"Apa saja tuntutan mahasiswa dalam aksi #IndonesiaGelap?

Baca artikelnya:
https://t.co/TLw6JJ3nym";top list lagu berjudul tentang pemerintah;riki_arung54113;Sat Feb 22 09:14:36 +0000 2025
187;1891461241392000000;"Apa saja tuntutan mahasiswa dalam aksi #IndonesiaGelap?

Baca artikelnya:
https://t.co/TLw6JJ3nym";ditingkat bawah baik2 saja masyarakat tenang ngga ada apa2 cuma mereka yang ditingkat atas yang ngga kebagian jatah sama kena imbas efesiensi yang protes ujung-ujungnya perut la, ini media cotsu;ism32673;Mon Feb 17 14:25:02 +0000 2025
188;1891461241392000000;"Apa saja tuntutan mahasiswa dalam aksi #IndonesiaGelap?

Baca artikelnya:
https://t.co/TLw6JJ3nym";thank youu, plss sharee banyak banyaakk di semua platform yaa;flowey_clown;Mon Feb 17 15:43:18 +0000 2025
189;1891461241392000000;"Apa saja tuntutan mahasiswa dalam aksi #IndonesiaGelap?

Baca artikelnya:
https://t.co/TLw6JJ3nym";info ibu dan anak.;terlaludewasa_;Tue Feb 18 19:17:15 +0000 2025
190;1891461241392000000;"Apa saja tuntutan mahasiswa dalam aksi #IndonesiaGelap?

Baca artikelnya:
https://t.co/TLw6JJ3nym";bring back “forum kota”;squishyblizzy;Mon Feb 17 14:39:50 +0000 2025
191;1891461241392000000;"Apa saja tuntutan mahasiswa dalam aksi #IndonesiaGelap?

Baca artikelnya:
https://t.co/TLw6JJ3nym";dan usut adili para koruptoroligarki;SupitDave33756;Mon Feb 17 17:31:03 +0000 2025
192;1891461241392000000;"Apa saja tuntutan mahasiswa dalam aksi #IndonesiaGelap?

Baca artikelnya:
https://t.co/TLw6JJ3nym";pendemonya adalah bagian dr 58% dulu mendukung sekarang di demo aneh kalian.,gak warass‍️;shotgun7777;Tue Feb 18 01:34:11 +0000 2025
193;1891461241392000000;"Apa saja tuntutan mahasiswa dalam aksi #IndonesiaGelap?

Baca artikelnya:
https://t.co/TLw6JJ3nym";omon omon kont;asinaga66;Tue Feb 18 15:03:34 +0000 2025
194;1891461241392000000;"Apa saja tuntutan mahasiswa dalam aksi #IndonesiaGelap?

Baca artikelnya:
https://t.co/TLw6JJ3nym";itu mah tulisan adminnya bukan dia;anakBetawinih;Tue Feb 18 10:44:15 +0000 2025
195;1891461241392000000;"Apa saja tuntutan mahasiswa dalam aksi #IndonesiaGelap?

Baca artikelnya:
https://t.co/TLw6JJ3nym";international iq test pada januari 2024 memberikan angka rata-rata iq indonesia sebesar 92,64, yang menjadikannya negara dengan iq terendah di asia tenggara menurut laporan tersebut.;mrDin409307500;Wed Feb 19 06:13:27 +0000 2025
196;1891461241392000000;"Apa saja tuntutan mahasiswa dalam aksi #IndonesiaGelap?

Baca artikelnya:
https://t.co/TLw6JJ3nym";lah, yang milih dia kemarin juga siapa;2351cinemascope;Tue Feb 18 00:11:40 +0000 2025
197;1891461241392000000;"Apa saja tuntutan mahasiswa dalam aksi #IndonesiaGelap?

Baca artikelnya:
https://t.co/TLw6JJ3nym";ada kepentingan apa nih bbc ? tangan asing?;Dimzary;Tue Feb 18 13:05:30 +0000 2025
198;1891461241392000000;"Apa saja tuntutan mahasiswa dalam aksi #IndonesiaGelap?

Baca artikelnya:
https://t.co/TLw6JJ3nym";anda sudah tidak jilat ludah sendiri pak, tetapi sudah minum muntahan sendiri;HartZikra97032;Tue Feb 18 20:44:29 +0000 2025
199;1891461241392000000;"Apa saja tuntutan mahasiswa dalam aksi #IndonesiaGelap?

Baca artikelnya:
https://t.co/TLw6JJ3nym";lu tolol dah;babi_gosong;Tue Feb 18 09:34:02 +0000 2025
200;1891461241392000000;"Apa saja tuntutan mahasiswa dalam aksi #IndonesiaGelap?

Baca artikelnya:
https://t.co/TLw6JJ3nym";pada dasarnya mahasiswa pun belum tentu bisa berbuat kebaikan sesama;unknowwwu;Tue Feb 18 06:23:37 +0000 2025
201;1891461241392000000;"Apa saja tuntutan mahasiswa dalam aksi #IndonesiaGelap?

Baca artikelnya:
https://t.co/TLw6JJ3nym";jare mahasiswa tapi bisa diadu domba, tolol ancen;DonySutant12907;Mon Feb 17 22:11:16 +0000 2025
202;1891461241392000000;"Apa saja tuntutan mahasiswa dalam aksi #IndonesiaGelap?

Baca artikelnya:
https://t.co/TLw6JJ3nym";rusuh kuy;kikipratama86;Tue Feb 18 01:42:29 +0000 2025
203;1891461241392000000;"Apa saja tuntutan mahasiswa dalam aksi #IndonesiaGelap?

Baca artikelnya:
https://t.co/TLw6JJ3nym";mereka sebut?;JianxiNimpact;Tue Feb 18 04:48:00 +0000 2025
204;1891461241392000000;"Apa saja tuntutan mahasiswa dalam aksi #IndonesiaGelap?

Baca artikelnya:
https://t.co/TLw6JJ3nym";tolak danantara;Behappyyokk;Mon Feb 17 23:30:00 +0000 2025
205;1891461241392000000;"Apa saja tuntutan mahasiswa dalam aksi #IndonesiaGelap?

Baca artikelnya:
https://t.co/TLw6JJ3nym";cie. mulai mengerahkan buzzer.;Ricky_8395;Tue Feb 18 14:14:06 +0000 2025
206;1891461241392000000;"Apa saja tuntutan mahasiswa dalam aksi #IndonesiaGelap?

Baca artikelnya:
https://t.co/TLw6JJ3nym";maap ga ikut bersuara, karna suaraku sudah terwakilkan di aksi , yg kemarin milih 02 ketar ketir ga? milih kok cuma sekedar fomo;angelusjoanne;Mon Feb 17 15:19:24 +0000 2025
207;1891461241392000000;"Apa saja tuntutan mahasiswa dalam aksi #IndonesiaGelap?

Baca artikelnya:
https://t.co/TLw6JJ3nym";ini bisa di cari ga sih orangnya? capek gua bales di komen, pengen gua ajak by one aja, seriusan;_nino21;Tue Feb 18 13:47:11 +0000 2025
208;1891461241392000000;"Apa saja tuntutan mahasiswa dalam aksi #IndonesiaGelap?

Baca artikelnya:
https://t.co/TLw6JJ3nym";tepat setahun lalau indonesia telah memilih, buata apa di demo.? nimkati dan jogetin saja.!;ManaoFlorius;Mon Feb 17 13:45:17 +0000 2025
209;1891461241392000000;"Apa saja tuntutan mahasiswa dalam aksi #IndonesiaGelap?

Baca artikelnya:
https://t.co/TLw6JJ3nym";gasss polll sobat mahasiswa;totoaza87;Tue Feb 18 12:39:02 +0000 2025
210;1891461241392000000;"Apa saja tuntutan mahasiswa dalam aksi #IndonesiaGelap?

Baca artikelnya:
https://t.co/TLw6JJ3nym";akhirnya ada media;haiiiuuuyyy;Mon Feb 17 23:32:54 +0000 2025
211;1891461241392000000;"Apa saja tuntutan mahasiswa dalam aksi #IndonesiaGelap?

Baca artikelnya:
https://t.co/TLw6JJ3nym";kata gue apaaa programnya aja gajelas;Kanebobasah17;Tue Feb 18 10:50:08 +0000 2025
212;1891461241392000000;"Apa saja tuntutan mahasiswa dalam aksi #IndonesiaGelap?

Baca artikelnya:
https://t.co/TLw6JJ3nym";ayo lebih banyak lagi, tidak ada yang baik dari semua kebijakan yang dibuat pemerintah saat ini.;renopratama;Mon Feb 17 15:28:21 +0000 2025
213;1891461241392000000;"Apa saja tuntutan mahasiswa dalam aksi #IndonesiaGelap?

Baca artikelnya:
https://t.co/TLw6JJ3nym";halah, ndasmu pak pak, dateng ke aksi kamisan aja gak pernah;aiuiuaio;Tue Feb 18 02:34:03 +0000 2025
214;1891461241392000000;"Apa saja tuntutan mahasiswa dalam aksi #IndonesiaGelap?

Baca artikelnya:
https://t.co/TLw6JJ3nym";indonesia sedang proses menunggu rubuh, kalo tdk boleh dibilang rusak dan keropos di berbagai lini institusi. jadinya, walau berjalan disela awan dan mentari.;Ftanjung_isback;Mon Feb 17 15:46:05 +0000 2025
215;1891461241392000000;"Apa saja tuntutan mahasiswa dalam aksi #IndonesiaGelap?

Baca artikelnya:
https://t.co/TLw6JJ3nym";yeu dibayar 700 perak twt ya?;luluhgak;Mon Feb 17 15:04:51 +0000 2025
216;1891461241392000000;"Apa saja tuntutan mahasiswa dalam aksi #IndonesiaGelap?

Baca artikelnya:
https://t.co/TLw6JJ3nym";ini mungkin mahasiswa yg bapaknya pejabat dan ga mau ada potongan buat biaya foya-foya pejabat tsb;job_chandra;Tue Feb 18 12:40:51 +0000 2025
217;1891461241392000000;"Apa saja tuntutan mahasiswa dalam aksi #IndonesiaGelap?

Baca artikelnya:
https://t.co/TLw6JJ3nym";"""mereka sebut memburuk""? hati hati sekali yaa nulisnya wkwk";sea_yaaaaa;Mon Feb 17 21:16:51 +0000 2025
218;1891461241392000000;"Apa saja tuntutan mahasiswa dalam aksi #IndonesiaGelap?

Baca artikelnya:
https://t.co/TLw6JJ3nym";yaudah suruh diem aja, suruh semua masyarakat diem biar makin di atur ama negara;yeolimm;Tue Feb 18 10:25:05 +0000 2025
219;1891461241392000000;"Apa saja tuntutan mahasiswa dalam aksi #IndonesiaGelap?

Baca artikelnya:
https://t.co/TLw6JJ3nym";di saat indonesia gelap yg masih menyala tentunya hanya gajitunjangan wakil rakyat . . .;rangga_cndra;Mon Feb 17 23:30:34 +0000 2025
220;1891461241392000000;"Apa saja tuntutan mahasiswa dalam aksi #IndonesiaGelap?

Baca artikelnya:
https://t.co/TLw6JJ3nym";menuju indonesia bubar;shenithaaaa;Mon Feb 17 15:18:24 +0000 2025
221;1891461241392000000;"Apa saja tuntutan mahasiswa dalam aksi #IndonesiaGelap?

Baca artikelnya:
https://t.co/TLw6JJ3nym";sudah berhasil mengadu domba versus rakyat !;percikan2018id;Tue Feb 18 16:31:45 +0000 2025
222;1891461241392000000;"Apa saja tuntutan mahasiswa dalam aksi #IndonesiaGelap?

Baca artikelnya:
https://t.co/TLw6JJ3nym";pada bebel bgt siii kalean ngebela 02 mulu dulu;defirabi;Mon Feb 17 15:37:00 +0000 2025
223;1891461241392000000;"Apa saja tuntutan mahasiswa dalam aksi #IndonesiaGelap?

Baca artikelnya:
https://t.co/TLw6JJ3nym";memang buruk min dari dolar saja 16rb lebih min,hukum,kementrian gemuk,makan siang ngutang dll,dari zaman kerempeng sampai sempai tambun mereka2 saja yg happy.muka tembok;Om_ibung24434;Tue Feb 18 22:32:19 +0000 2025
224;1891461241392000000;"Apa saja tuntutan mahasiswa dalam aksi #IndonesiaGelap?

Baca artikelnya:
https://t.co/TLw6JJ3nym";baru menjabar berapa bulan udah berapa kali juga di demo hadeeuhhh;comeoel;Tue Feb 18 06:16:03 +0000 2025
225;1891461241392000000;"Apa saja tuntutan mahasiswa dalam aksi #IndonesiaGelap?

Baca artikelnya:
https://t.co/TLw6JJ3nym";biasanya peringatan darurat merupakan peringatan kedatangan,menurut observasi setiap kedatangan tamuvisitor dari luar yang mengendarai pesawat selalu didahului dengan adanya peringatan darurat seperti kedatangan paus pope francis,kedatangan bapak erdogan,dsb beserta it it nya;DewiIdaWahyuni1;Thu Feb 20 10:07:31 +0000 2025
226;1891461241392000000;"Apa saja tuntutan mahasiswa dalam aksi #IndonesiaGelap?

Baca artikelnya:
https://t.co/TLw6JJ3nym";karena orang tua mahasiswa bakal gak dapet cuan dari efesiensi anggaran . mayoritas mahasiswa itu adalah anak pns yg bisa menyekolahkan anaknya ke pendidikan tinggi.!;ArmaZulfikar;Thu Feb 20 00:36:43 +0000 2025
227;1891461241392000000;"Apa saja tuntutan mahasiswa dalam aksi #IndonesiaGelap?

Baca artikelnya:
https://t.co/TLw6JJ3nym";di pikir berkali-kali, emng biaya kuliah kalian berapa sih? semurah itu kah biaya kuliah kalian, jadi anggaran di pendidikan ga boleh di pangkas?;SusTroo;Wed Feb 19 23:23:48 +0000 2025
228;1891461241392000000;"Apa saja tuntutan mahasiswa dalam aksi #IndonesiaGelap?

Baca artikelnya:
https://t.co/TLw6JJ3nym";varel. kader pan muda .ditunggu mahasiswa untuk mewakili dpr berdialog dgn perwakilan mahasiswa. kan udah ada badan aspirasi masyarakat. badan baru di dpr, boleh dong wakil² rakyat yg muda² berdiskusi dgn adik² mahasiswa. ayo disiarkan live;MaungJawa07;Wed Feb 19 23:01:28 +0000 2025
229;1891461241392000000;"Apa saja tuntutan mahasiswa dalam aksi #IndonesiaGelap?

Baca artikelnya:
https://t.co/TLw6JJ3nym";bahkan mahasiswapun mengetahui tingkah polah pemerintah tentang kebijakan yang dibuat;s_mulyatie;Wed Feb 19 21:49:53 +0000 2025
230;1891461241392000000;"Apa saja tuntutan mahasiswa dalam aksi #IndonesiaGelap?

Baca artikelnya:
https://t.co/TLw6JJ3nym";probowo bilang;Ncing_Aim;Wed Feb 19 12:56:57 +0000 2025
231;1891461241392000000;"Apa saja tuntutan mahasiswa dalam aksi #IndonesiaGelap?

Baca artikelnya:
https://t.co/TLw6JJ3nym";kalo ga punya temen, ga usah sok asik, cuih! rt“: karena mereka bu, gada yg gratis skrng ini, mayan bisa buat nge date, nyelot dll, sumpah the real rakyat sdh muak sm buzzer2 yg bikin rusuh negara, muak sm hoak. cm gara2 kalah doang negara di bikin rusuh. mati aja”;t48ul;Wed Feb 19 10:41:45 +0000 2025
232;1891461241392000000;"Apa saja tuntutan mahasiswa dalam aksi #IndonesiaGelap?

Baca artikelnya:
https://t.co/TLw6JJ3nym";warga twitter ga kayak di kandang monyet, ga kena sama berita2 hoax. kasian!;t48ul;Wed Feb 19 10:40:18 +0000 2025
233;1891461241392000000;"Apa saja tuntutan mahasiswa dalam aksi #IndonesiaGelap?

Baca artikelnya:
https://t.co/TLw6JJ3nym";bergerak terus dan lawan;maxee_3013;Wed Feb 19 08:48:51 +0000 2025
234;1891461241392000000;"Apa saja tuntutan mahasiswa dalam aksi #IndonesiaGelap?

Baca artikelnya:
https://t.co/TLw6JJ3nym";mau jadi apa negara ini ya allah kalo yg mimpin bjg bgst semua yg hanya mikirin perut mereka sendiri?! ‍ hanya bisa berdoa semoga kelak di super beratkan hisab mereka nanti karena telah dzalim kpd seluruh rakyat indonesia. aamiin;_MyBabies_;Wed Feb 19 05:17:59 +0000 2025
235;1891461241392000000;"Apa saja tuntutan mahasiswa dalam aksi #IndonesiaGelap?

Baca artikelnya:
https://t.co/TLw6JJ3nym";bisa ga sih kaya gini semua rakyat bersatu, langsung bakar habis itu gedung2 sarang koruptor?! sumpah, tiap liat berita, yg ada bikin ngelus dada mulu. mau ga dipikirin, negara kita sendiri, kita jg hidup di dalamnya, kalo dipikirin kok bikin naik darah.;_MyBabies_;Wed Feb 19 05:15:10 +0000 2025
236;1891461241392000000;"Apa saja tuntutan mahasiswa dalam aksi #IndonesiaGelap?

Baca artikelnya:
https://t.co/TLw6JJ3nym";ya wajar sih, kehidupan rakyat bawah makin susah, upah stagnan, harga barang-barang, kesenjangan makin lebar;IkhsanDesi;Wed Feb 19 03:32:42 +0000 2025
237;1891461241392000000;"Apa saja tuntutan mahasiswa dalam aksi #IndonesiaGelap?

Baca artikelnya:
https://t.co/TLw6JJ3nym";budek ngga ngotak ngga punya kerjaan;rieckgO;Tue Feb 18 10:25:52 +0000 2025
238;1891461241392000000;"Apa saja tuntutan mahasiswa dalam aksi #IndonesiaGelap?

Baca artikelnya:
https://t.co/TLw6JJ3nym";adili tedy sekalian si simbol arogansi;SandiMataram;Wed Feb 19 02:01:30 +0000 2025
239;1891461241392000000;"Apa saja tuntutan mahasiswa dalam aksi #IndonesiaGelap?

Baca artikelnya:
https://t.co/TLw6JJ3nym";biasa so api api lolong jeung api api bonge, acan we di lolong keun nyaan jeung di bongekeun nyaan ku allah;starmahisa;Wed Feb 19 00:21:05 +0000 2025
240;1891461241392000000;"Apa saja tuntutan mahasiswa dalam aksi #IndonesiaGelap?

Baca artikelnya:
https://t.co/TLw6JJ3nym";protes mahasiswa;SENN0011;Wed Feb 19 07:45:02 +0000 2025
241;1891461241392000000;"Apa saja tuntutan mahasiswa dalam aksi #IndonesiaGelap?

Baca artikelnya:
https://t.co/TLw6JJ3nym";semangat para pejuang;painter_song;Tue Feb 18 19:42:44 +0000 2025
242;1891461241392000000;"Apa saja tuntutan mahasiswa dalam aksi #IndonesiaGelap?

Baca artikelnya:
https://t.co/TLw6JJ3nym";paati anaknya juga polisi nitip.;PatiBagong;Tue Feb 18 15:13:22 +0000 2025
243;1891461241392000000;"Apa saja tuntutan mahasiswa dalam aksi #IndonesiaGelap?

Baca artikelnya:
https://t.co/TLw6JJ3nym";jangan sampai seperti as negara besar tapi bangkrut, utang ke swasta, yg untung swasta;actnow39;Wed Feb 19 01:10:26 +0000 2025
244;1891461241392000000;"Apa saja tuntutan mahasiswa dalam aksi #IndonesiaGelap?

Baca artikelnya:
https://t.co/TLw6JJ3nym";langsung ganyang;diana_pangara;Tue Feb 18 17:50:11 +0000 2025
245;1891461241392000000;"Apa saja tuntutan mahasiswa dalam aksi #IndonesiaGelap?

Baca artikelnya:
https://t.co/TLw6JJ3nym";semoga bbc news tetap menjadi portal berita yang independen;AngestikaD;Wed Feb 19 03:53:48 +0000 2025
246;1891461241392000000;"Apa saja tuntutan mahasiswa dalam aksi #IndonesiaGelap?

Baca artikelnya:
https://t.co/TLw6JJ3nym";prabowo bakal lebih otoriter dari jokowi;FrankgymF;Wed Feb 19 00:10:32 +0000 2025
247;1891461241392000000;"Apa saja tuntutan mahasiswa dalam aksi #IndonesiaGelap?

Baca artikelnya:
https://t.co/TLw6JJ3nym";ndasmu ndasmu ndasmu;AngestikaD;Wed Feb 19 03:45:01 +0000 2025
248;1891461241392000000;"Apa saja tuntutan mahasiswa dalam aksi #IndonesiaGelap?

Baca artikelnya:
https://t.co/TLw6JJ3nym";ntn tv kok sepi bgt yaak di up nya gak menyeluruh dan setajam di x hmm;UmmuAlif357275;Tue Feb 18 14:47:06 +0000 2025
249;1891461241392000000;"Apa saja tuntutan mahasiswa dalam aksi #IndonesiaGelap?

Baca artikelnya:
https://t.co/TLw6JJ3nym";karena mereka bu, gada yg gratis skrng ini, mayan bisa buat nge date, nyelot dll, sumpah the real rakyat sdh muak sm buzzer2 yg bikin rusuh negara, muak sm hoak. cm gara2 kalah doang negara di bikin rusuh. mati aja kalian perusuh bangsa;vanmierlo77;Wed Feb 19 07:33:17 +0000 2025
250;1891461241392000000;"Apa saja tuntutan mahasiswa dalam aksi #IndonesiaGelap?

Baca artikelnya:
https://t.co/TLw6JJ3nym";kata 'ndasmu' mungkin hanya guyonan, tapi bisa jadi boomerang. saat rakyat butuh solusi , pemimpin perlu kasih jawaban konkret, bukan jokes yang bikin gaduh. leadership is about listening, not mocking;dimarsasongko98;Tue Feb 18 12:19:32 +0000 2025
251;1891461241392000000;"Apa saja tuntutan mahasiswa dalam aksi #IndonesiaGelap?

Baca artikelnya:
https://t.co/TLw6JJ3nym";"hanya gara2 mengucap ""hidup jokowi"" jadi rakyat begini";samsubur;Tue Feb 18 22:26:29 +0000 2025
252;1891461241392000000;"Apa saja tuntutan mahasiswa dalam aksi #IndonesiaGelap?

Baca artikelnya:
https://t.co/TLw6JJ3nym";lanjutkan;didi_dwiya87406;Wed Feb 19 13:34:37 +0000 2025
253;1891461241392000000;"Apa saja tuntutan mahasiswa dalam aksi #IndonesiaGelap?

Baca artikelnya:
https://t.co/TLw6JJ3nym";semua ini bergantung pada bagaimana pemerintah merespons. jika tetap keras kepala dan mengabaikan rakyat, situasi bisa memburuk dan menciptakan ketidakstabilan yang serius. namun, jika mereka mau mendengar, berdialog, dan mengambil langkah nyata untuk memperbaiki keadaan, eskalasi bisa dicegah. kuncinya: jangan tunggu rakyat benar-benar muak;mautauje;Tue Feb 18 12:28:35 +0000 2025
254;1891461241392000000;"Apa saja tuntutan mahasiswa dalam aksi #IndonesiaGelap?

Baca artikelnya:
https://t.co/TLw6JJ3nym";lige smartwatch: jam tangan pintar pria dengan fitur luar biasa - tahan air, senter led, 100 olahraga, monitor denyut jantung, tekanan darah, kalkulator.;ahsantany;Thu Feb 20 02:52:08 +0000 2025
255;1891461241392000000;"Apa saja tuntutan mahasiswa dalam aksi #IndonesiaGelap?

Baca artikelnya:
https://t.co/TLw6JJ3nym";salut dg politik jokowi. hanya bilang gak ada yg berani kritik prabowo, lgs di sambut demo mahasiswa di hampir seluruh wilayah indonesia.;dNoero;Wed Feb 19 02:24:14 +0000 2025
256;1891461241392000000;"Apa saja tuntutan mahasiswa dalam aksi #IndonesiaGelap?

Baca artikelnya:
https://t.co/TLw6JJ3nym";wartawannya tidak update penjelasan dari pemerintah hanya bernarasi dari sisi pendemo betul ?;Wb_dimaz;Tue Feb 18 14:38:03 +0000 2025
257;1891461241392000000;"Apa saja tuntutan mahasiswa dalam aksi #IndonesiaGelap?

Baca artikelnya:
https://t.co/TLw6JJ3nym";anjing bgt sekelas profesor pengamat politik malah dikata2in, najis bgt nih pidatonya prabowo;TriCahyyow;Tue Feb 18 13:17:13 +0000 2025
258;1891461241392000000;"Apa saja tuntutan mahasiswa dalam aksi #IndonesiaGelap?

Baca artikelnya:
https://t.co/TLw6JJ3nym";ga ada. teriak aja terus. kita maa melenggang sajah. preeeeeeettttt. emangnya eloe siapa, kuliah motor bbm jas kos juga tinggal minta aja.;PatiBagong;Tue Feb 18 15:11:14 +0000 2025
259;1891461241392000000;"Apa saja tuntutan mahasiswa dalam aksi #IndonesiaGelap?

Baca artikelnya:
https://t.co/TLw6JJ3nym";gelap ndasmu.mahasewa goblok.;jezzieanwar;Tue Feb 18 13:39:18 +0000 2025
260;1891461241392000000;"Apa saja tuntutan mahasiswa dalam aksi #IndonesiaGelap?

Baca artikelnya:
https://t.co/TLw6JJ3nym";percuma de,mereka sedang menjabat,mana mungkin peduli.;Rizal010102;Tue Feb 18 15:32:57 +0000 2025
261;1891461241392000000;"Apa saja tuntutan mahasiswa dalam aksi #IndonesiaGelap?

Baca artikelnya:
https://t.co/TLw6JJ3nym";cuek lah, kan mahasiswanya banysk yang bodohh;BintangNus77642;Wed Feb 19 02:01:39 +0000 2025
262;1891461241392000000;"Apa saja tuntutan mahasiswa dalam aksi #IndonesiaGelap?

Baca artikelnya:
https://t.co/TLw6JJ3nym";kata saya : mulyono itu bangsatnya bangsat;bdatmaneo;Wed Feb 19 00:08:00 +0000 2025
263;1891461241392000000;"Apa saja tuntutan mahasiswa dalam aksi #IndonesiaGelap?

Baca artikelnya:
https://t.co/TLw6JJ3nym";jangan lupakan tokoh finalis koruptor ini akan jadi dewan pengawas danantara;kretekmantab;Tue Feb 18 18:22:22 +0000 2025
264;1891461241392000000;"Apa saja tuntutan mahasiswa dalam aksi #IndonesiaGelap?

Baca artikelnya:
https://t.co/TLw6JJ3nym";melayani,mengayomi dan melindungi hanyalah omong kosong.!;ZakyFuad20;Tue Feb 18 23:52:38 +0000 2025
265;1891461241392000000;"Apa saja tuntutan mahasiswa dalam aksi #IndonesiaGelap?

Baca artikelnya:
https://t.co/TLw6JJ3nym";stand up comedy bangett yaa.eeh tapi gak lucu.;lovegreen4ever;Tue Feb 18 13:43:20 +0000 2025
266;1891461241392000000;"Apa saja tuntutan mahasiswa dalam aksi #IndonesiaGelap?

Baca artikelnya:
https://t.co/TLw6JJ3nym";ndasmu prabowo jng sembarangan ngomong siapa yang ngomong ndasmu presiden ya;HSbuea;Wed Feb 19 00:50:54 +0000 2025
267;1891461241392000000;"Apa saja tuntutan mahasiswa dalam aksi #IndonesiaGelap?

Baca artikelnya:
https://t.co/TLw6JJ3nym";mimin tolong siarin ke sulurh dunia yak.thx;solihin_mhd;Tue Feb 18 13:26:19 +0000 2025
268;1891461241392000000;"Apa saja tuntutan mahasiswa dalam aksi #IndonesiaGelap?

Baca artikelnya:
https://t.co/TLw6JJ3nym";tayangin di media mainstream;sangpjalanwaktu;Wed Feb 19 00:28:56 +0000 2025
269;1891461241392000000;"Apa saja tuntutan mahasiswa dalam aksi #IndonesiaGelap?

Baca artikelnya:
https://t.co/TLw6JJ3nym";release occrp menempatkan si finalis manusia terkorup sedunia jadi pemicu kegiatan aksi protes krn keinginan utk menyeret dan mengadili penjahat korupsi tsb sprtnya tdk disambut oleh pemimpin baru, padahal dugaan dan indikasi penyimpangan 10 thn seakan2 perlahan2 mulai terbukti;Yoes33687368;Tue Feb 18 13:00:11 +0000 2025
270;1891461241392000000;"Apa saja tuntutan mahasiswa dalam aksi #IndonesiaGelap?

Baca artikelnya:
https://t.co/TLw6JJ3nym";karna emang mahasiswa itu sendiri yg gelap.;Rajabeas1;Wed Feb 19 10:51:05 +0000 2025
271;1891461241392000000;"Apa saja tuntutan mahasiswa dalam aksi #IndonesiaGelap?

Baca artikelnya:
https://t.co/TLw6JJ3nym";tak sampe setahun.pemerintah akan tumbang.ayo pemilu ulang;GeosurveySurab1;Thu Feb 20 09:34:23 +0000 2025
272;1891461241392000000;"Apa saja tuntutan mahasiswa dalam aksi #IndonesiaGelap?

Baca artikelnya:
https://t.co/TLw6JJ3nym";begini tanggapan dari aparat negara.;phasyo;Tue Feb 18 14:01:49 +0000 2025
273;1891461241392000000;"Apa saja tuntutan mahasiswa dalam aksi #IndonesiaGelap?

Baca artikelnya:
https://t.co/TLw6JJ3nym";mempelajarinya. harus menunggu berapa semester untuk mempelajari tuntutan mahasiswa dan rakyat;rudi080777;Sat Feb 22 23:42:28 +0000 2025
274;1891461241392000000;"Apa saja tuntutan mahasiswa dalam aksi #IndonesiaGelap?

Baca artikelnya:
https://t.co/TLw6JJ3nym";template banget, demo ada satu perwakilan ngajak berdikusi mahasiswa, tidak lama perwakilan mahasiswa jadi anggota partai;Maulidhannasir6;Sat Feb 22 06:24:44 +0000 2025
275;1891461241392000000;"Apa saja tuntutan mahasiswa dalam aksi #IndonesiaGelap?

Baca artikelnya:
https://t.co/TLw6JJ3nym";sorry, ga langsung percaya bang;Therapichs;Sat Feb 22 04:14:34 +0000 2025
276;1891461241392000000;"Apa saja tuntutan mahasiswa dalam aksi #IndonesiaGelap?

Baca artikelnya:
https://t.co/TLw6JJ3nym";janji, janji dan janji. gitu aja terus.;x_ak279;Sat Feb 22 02:21:09 +0000 2025
277;1891461241392000000;"Apa saja tuntutan mahasiswa dalam aksi #IndonesiaGelap?

Baca artikelnya:
https://t.co/TLw6JJ3nym";adili jokowi;SatriaMega2024;Sat Feb 22 00:29:41 +0000 2025
278;1891461241392000000;"Apa saja tuntutan mahasiswa dalam aksi #IndonesiaGelap?

Baca artikelnya:
https://t.co/TLw6JJ3nym";jadi gak percaya sama modal omongan dari tahun dahulu sampai sekarang;KizureA36469136;Sat Feb 22 00:01:12 +0000 2025
279;1891461241392000000;"Apa saja tuntutan mahasiswa dalam aksi #IndonesiaGelap?

Baca artikelnya:
https://t.co/TLw6JJ3nym";anda merasakan atmosfir dan gema demonstran, tolong sampaikan kepada bersikaplah sebagai negarawan sejati selamatkan negri, jika tidak mundur dari jabatan mensegneg sebagai bentuk moral bapak, terimakasih telah turun menemui demonstran dan salut;BOETET2;Fri Feb 21 14:02:03 +0000 2025
280;1891461241392000000;"Apa saja tuntutan mahasiswa dalam aksi #IndonesiaGelap?

Baca artikelnya:
https://t.co/TLw6JJ3nym";itu dia, gerakan gen-z ini harus sllu dipantau, diberi support dan diadvokasi karena mereka masih minim pengalaman, akan sangat disayangkan jika perjuangan mereka mudah dikecoh dan dikelabui serta dilunakkan.;ekow797;Fri Feb 21 12:08:27 +0000 2025
281;1891461241392000000;"Apa saja tuntutan mahasiswa dalam aksi #IndonesiaGelap?

Baca artikelnya:
https://t.co/TLw6JJ3nym";"untuk kawan2 yang ada di lapangan, janga percaya dengan kata2 "" kami pemerintah menerima tuntutan dan mempelajarinya"" tetap turun kawan²";BiggRahmat99177;Fri Feb 21 11:57:30 +0000 2025
282;1891461241392000000;"Apa saja tuntutan mahasiswa dalam aksi #IndonesiaGelap?

Baca artikelnya:
https://t.co/TLw6JJ3nym";menwrima dipelajari, tidak ada solusi dan tindakan.wkwkwkk ayo taruhan saya dak ada kelanjutan,bacot doang.wkwkwk;konsumsi9071;Fri Feb 21 11:44:27 +0000 2025
283;1891461241392000000;"Apa saja tuntutan mahasiswa dalam aksi #IndonesiaGelap?

Baca artikelnya:
https://t.co/TLw6JJ3nym";cek acara istana menjawab di tvone, isisnya malah fokus urusan ukt dan tukin dosen;kangisrona;Fri Feb 21 11:35:55 +0000 2025
284;1891461241392000000;"Apa saja tuntutan mahasiswa dalam aksi #IndonesiaGelap?

Baca artikelnya:
https://t.co/TLw6JJ3nym";tidak ada tanda tanda cerah;kangisrona;Fri Feb 21 11:34:36 +0000 2025
285;1891461241392000000;"Apa saja tuntutan mahasiswa dalam aksi #IndonesiaGelap?

Baca artikelnya:
https://t.co/TLw6JJ3nym";jiwa muda bacot lo tua;hukumantariksa;Fri Feb 21 11:24:03 +0000 2025
286;1891461241392000000;"Apa saja tuntutan mahasiswa dalam aksi #IndonesiaGelap?

Baca artikelnya:
https://t.co/TLw6JJ3nym";kl boong dosa ya;giamustbehappy;Fri Feb 21 11:05:53 +0000 2025
287;1891461241392000000;"Apa saja tuntutan mahasiswa dalam aksi #IndonesiaGelap?

Baca artikelnya:
https://t.co/TLw6JJ3nym";mantap .terus kawal sampai final dan legal.;gulali1284596;Fri Feb 21 10:13:25 +0000 2025
288;1891461241392000000;"Apa saja tuntutan mahasiswa dalam aksi #IndonesiaGelap?

Baca artikelnya:
https://t.co/TLw6JJ3nym";awasss tetap waspadaa. engko dibujuk i;renyahahaha;Fri Feb 21 09:46:19 +0000 2025
289;1891461241392000000;"Apa saja tuntutan mahasiswa dalam aksi #IndonesiaGelap?

Baca artikelnya:
https://t.co/TLw6JJ3nym";mirip janji pak lurah waktu kami cerita rt kami kebanjiran. cuma nggedabrussh;creeping5ilence;Fri Feb 21 03:20:05 +0000 2025
290;1891461241392000000;"Apa saja tuntutan mahasiswa dalam aksi #IndonesiaGelap?

Baca artikelnya:
https://t.co/TLw6JJ3nym";jangan mau. kalo kita malah dibungkus dan take away gimana xixixiixi. dine in ajalaahh;robotbera;Thu Feb 20 15:34:49 +0000 2025
291;1891461241392000000;"Apa saja tuntutan mahasiswa dalam aksi #IndonesiaGelap?

Baca artikelnya:
https://t.co/TLw6JJ3nym";omon-omon cuma golek rai? lupa sama omon-mu sendiri bbrp hari lalu, ya ?;joeyakarta;Thu Feb 20 20:06:14 +0000 2025
292;1891461241392000000;"Apa saja tuntutan mahasiswa dalam aksi #IndonesiaGelap?

Baca artikelnya:
https://t.co/TLw6JJ3nym";omon omon lagi dah.;AaSutanto;Thu Feb 20 16:07:19 +0000 2025
293;1891461241392000000;"Apa saja tuntutan mahasiswa dalam aksi #IndonesiaGelap?

Baca artikelnya:
https://t.co/TLw6JJ3nym";ngapain ngajak yg di luar masuk ke dalem? kalo mo beneran diskusi ya di luar aja biar semua denger;thisisandri;Thu Feb 20 13:34:23 +0000 2025
294;1891461241392000000;"Apa saja tuntutan mahasiswa dalam aksi #IndonesiaGelap?

Baca artikelnya:
https://t.co/TLw6JJ3nym";gak ada jawaban itu;ResetheRegime;Thu Feb 20 17:29:50 +0000 2025
295;1891461241392000000;"Apa saja tuntutan mahasiswa dalam aksi #IndonesiaGelap?

Baca artikelnya:
https://t.co/TLw6JJ3nym";sedikit kemajuan sih, di era 2014-2024 mana ada pejabat nemuin demonstran kecuali anies;richgoddessdin;Thu Feb 20 16:15:30 +0000 2025
296;1891461241392000000;"Apa saja tuntutan mahasiswa dalam aksi #IndonesiaGelap?

Baca artikelnya:
https://t.co/TLw6JJ3nym";kamii tidak percayaa;erwinprahastyo;Thu Feb 20 17:21:11 +0000 2025
297;1891461241392000000;"Apa saja tuntutan mahasiswa dalam aksi #IndonesiaGelap?

Baca artikelnya:
https://t.co/TLw6JJ3nym";kalau tanyanya ke mahasiswa dan ternyata rekomendasi mereka lebih baik, ya pak menteri mundur dan serahkan saja jabatannya ke mahasiswa.;aritj;Fri Feb 21 00:45:59 +0000 2025
298;1891461241392000000;"Apa saja tuntutan mahasiswa dalam aksi #IndonesiaGelap?

Baca artikelnya:
https://t.co/TLw6JJ3nym";"""mana yg kurang tepat mari kita perbaiki bersama ."" paling juga nanti saat diskusi akan bilang ""sudah tepat semua, gak ada yg kurang"". sudah jadi pola";toxynuscaV2;Fri Feb 21 03:48:24 +0000 2025
299;1891461241392000000;"Apa saja tuntutan mahasiswa dalam aksi #IndonesiaGelap?

Baca artikelnya:
https://t.co/TLw6JJ3nym";apa tidak ada target waktu kapan selesai mempelajari? kapan diinfokan kembali rencana akan perbaikan dari hasil yg dipelajari? sehingga itu yg akan dikawal. kalau tidak ya hanya akan dipelajari selama 5 tahun tp tetap jalan semua yg sekarang sedang digaungkan;kukuh_irianto;Fri Feb 21 02:32:39 +0000 2025
300;1891461241392000000;"Apa saja tuntutan mahasiswa dalam aksi #IndonesiaGelap?

Baca artikelnya:
https://t.co/TLw6JJ3nym";contoh menteri hasil camping magelang, hasilnya cuma ditampung dan didiskusikan;fwsetyawan;Thu Feb 20 21:57:44 +0000 2025
301;1891461241392000000;"Apa saja tuntutan mahasiswa dalam aksi #IndonesiaGelap?

Baca artikelnya:
https://t.co/TLw6JJ3nym";ekspektasi kami itu para pejabat pemerintah bukan hanya memiliki energi layaknya orang muda, tapi juga cerdas dan bijak memandang masalah yg kita hadapi. supaya apa? supaya masalahnya selesai ditangani, bukan asal2an dg cara yg tdk ilmiah.;aritj;Fri Feb 21 00:44:34 +0000 2025
302;1891461241392000000;"Apa saja tuntutan mahasiswa dalam aksi #IndonesiaGelap?

Baca artikelnya:
https://t.co/TLw6JJ3nym";isuk tahu sore keledai tempe;amelcewaw;Thu Feb 20 23:59:06 +0000 2025
303;1891461241392000000;"Apa saja tuntutan mahasiswa dalam aksi #IndonesiaGelap?

Baca artikelnya:
https://t.co/TLw6JJ3nym";justru karna baru seratus hari, biar tidak terjerumus terlalu dalam lagi kebijakan-kebijakan kontol nya;wahidspp;Fri Feb 21 00:23:48 +0000 2025
304;1891461241392000000;"Apa saja tuntutan mahasiswa dalam aksi #IndonesiaGelap?

Baca artikelnya:
https://t.co/TLw6JJ3nym";percuma sekolah tinggi2 ipk cuma 2 sibuk mempelajari ga ada implementasi;whysodurious98;Thu Feb 20 15:48:35 +0000 2025
305;1891461241392000000;"Apa saja tuntutan mahasiswa dalam aksi #IndonesiaGelap?

Baca artikelnya:
https://t.co/TLw6JJ3nym";wkwkwk. gimana tu menteri bisa.? emang diye punya kuasa lebih dari ni mahluk2.;IskandarFarouk1;Thu Feb 20 14:25:41 +0000 2025
306;1891461241392000000;"Apa saja tuntutan mahasiswa dalam aksi #IndonesiaGelap?

Baca artikelnya:
https://t.co/TLw6JJ3nym";yang diinginkan , bisa ga berdialog?;Hansipmonkey;Thu Feb 20 14:36:22 +0000 2025
307;1891461241392000000;"Apa saja tuntutan mahasiswa dalam aksi #IndonesiaGelap?

Baca artikelnya:
https://t.co/TLw6JJ3nym";dunia mahasiswa adalah dunia fakta, bukan untuk menerima dan memahami kegagalan pemerintah. klo pemerintah gak mampu dan gagal ya turun. jangan terjebak narasi, sedang berupaya. omon2 aja;moejeep_pelung;Thu Feb 20 22:21:12 +0000 2025
308;1891461241392000000;"Apa saja tuntutan mahasiswa dalam aksi #IndonesiaGelap?

Baca artikelnya:
https://t.co/TLw6JJ3nym";wkwkwkwkwkwk, ini menteri yang nyuruh anak buahnya efisiensi anggaran tanpa paham konteksnya bullshit ah pak, ngomong doang;iris_4evermore;Thu Feb 20 16:00:06 +0000 2025
309;1891461241392000000;"Apa saja tuntutan mahasiswa dalam aksi #IndonesiaGelap?

Baca artikelnya:
https://t.co/TLw6JJ3nym";jangan percaya, bohong, najis, adat perancis kita pake dulu lah, kita pisah dulu, belah dua hehe;christianbosar;Thu Feb 20 15:48:32 +0000 2025
310;1891461241392000000;"Apa saja tuntutan mahasiswa dalam aksi #IndonesiaGelap?

Baca artikelnya:
https://t.co/TLw6JJ3nym";ingatkan kpd atau perwakilannya bahwa mereka sedang berhadapan dg manusia2 yg suka ingkar dan hanya omon-omon besar, sebaiknya tdk ada diskusi yg dilakukan dlm ruang tertutup yg berpeluang trjadi intimidasi dan bentuk 'similikiti' yg melemahkan.;ekow797;Thu Feb 20 17:26:22 +0000 2025
311;1891461241392000000;"Apa saja tuntutan mahasiswa dalam aksi #IndonesiaGelap?

Baca artikelnya:
https://t.co/TLw6JJ3nym";wait.wait. wait. dari potongan pidio ini mengapa si menteri ini kelihatannya hanya merespon tuntutan mahasiswa yg terkait dg masalah pendidikan ? apakah ada disinggung oleh si menteri ini ttg penegakan hukum kpd joki dan kroninya ? semoga adek2 mahasiswa tdk terkecoh;ekow797;Thu Feb 20 17:05:23 +0000 2025
312;1891461241392000000;"Apa saja tuntutan mahasiswa dalam aksi #IndonesiaGelap?

Baca artikelnya:
https://t.co/TLw6JJ3nym";alhamdulillah ada jg yg keluar yaa;risti_dinia;Fri Feb 21 05:05:59 +0000 2025
313;1891461241392000000;"Apa saja tuntutan mahasiswa dalam aksi #IndonesiaGelap?

Baca artikelnya:
https://t.co/TLw6JJ3nym";halah gedabruss, ngomong tokk, wes ra percoyo;lavionyouna;Thu Feb 20 17:20:12 +0000 2025
314;1891461241392000000;"Apa saja tuntutan mahasiswa dalam aksi #IndonesiaGelap?

Baca artikelnya:
https://t.co/TLw6JJ3nym";ko bukan wapresnya,yg konon muda;NaiyaSupport;Fri Feb 21 01:14:44 +0000 2025
315;1891461241392000000;"Apa saja tuntutan mahasiswa dalam aksi #IndonesiaGelap?

Baca artikelnya:
https://t.co/TLw6JJ3nym";halo bangg;elhagios;Thu Feb 20 17:14:02 +0000 2025
316;1891461241392000000;"Apa saja tuntutan mahasiswa dalam aksi #IndonesiaGelap?

Baca artikelnya:
https://t.co/TLw6JJ3nym";tindakan cerdas yang perlu ditunggu realisasinya.setidaknya bisa meredam amarah;zoelf1k4r;Fri Feb 21 00:54:46 +0000 2025
317;1891461241392000000;"Apa saja tuntutan mahasiswa dalam aksi #IndonesiaGelap?

Baca artikelnya:
https://t.co/TLw6JJ3nym";sabar an, cutiku bentar lagi wkwkwkwk;elhagios;Thu Feb 20 17:13:50 +0000 2025
318;1891461241392000000;"Apa saja tuntutan mahasiswa dalam aksi #IndonesiaGelap?

Baca artikelnya:
https://t.co/TLw6JJ3nym";dulu ada pereakilan mahasiswa masuk istana keluar tangan kosong dibohongi wkwk;dhimasairlangg1;Thu Feb 20 23:49:35 +0000 2025
319;1891461241392000000;"Apa saja tuntutan mahasiswa dalam aksi #IndonesiaGelap?

Baca artikelnya:
https://t.co/TLw6JJ3nym";jangan percaya njir, paling cuma ditaro atas meja wkwk.;merseybois_;Thu Feb 20 15:31:43 +0000 2025
320;1891461241392000000;"Apa saja tuntutan mahasiswa dalam aksi #IndonesiaGelap?

Baca artikelnya:
https://t.co/TLw6JJ3nym";alah mau ngajak dialog tertutup di dalem? kalo emang di dalem tuh harusnya wartawan boleh ngeliput dong. kalo dialognya tertutup mah namanya.;nunanyakotaro;Thu Feb 20 23:52:36 +0000 2025
321;1891461241392000000;"Apa saja tuntutan mahasiswa dalam aksi #IndonesiaGelap?

Baca artikelnya:
https://t.co/TLw6JJ3nym";diskusinya bole ajak pak wapres guru bangsa kita gibran;rzlhmdfz;Thu Feb 20 16:06:15 +0000 2025